1,86,89,78,110,77,107,95,104,102,78,84,104,77,113
2,61,64,66,66,66,78,84,67,89,65,75,80,82,79
3,43,35,58,51,22,34,29,37,38,59,27,40,46,39
4,66,61,74,91,70,67,79,86,69,81,72,91,73,97
5,16,37,16,18,44,18,51,42,17,17,47,48,15,16
6,57,72,49,63,47,43,60,62,50,68,76,62,63,56
7,113,102,114,74,77,104,97,88,110,79,80,102,85,113
8,67,53,48,61,52,51,65,62,57,64,69,54,69,59
9,91,74,75,68,75,98,94,67,91,63,92,71,67,93
10,37,46,53,32,38,38,37,61,61,32,26,59,31,31
11,41,43,59,63,53,60,55,39,58,66,64,50,38,32
12,65,52,82,55,75,61,52,59,63,64,82,83,48,80
13,26,43,31,22,56,25,48,47,51,23,54,31,48,27
14,76,95,86,110,82,74,79,89,99,74,84,91,102,108
15,57,70,71,44,50,77,51,57,41,53,60,38,38,49
16,107,106,96,96,92,121,117,102,105,105,92,111,104,95
17,83,87,103,104,96,108,103,96,104,87,103,114,116,94
18,33,36,56,29,37,49,56,43,36,35,48,59,55,58
19,89,108,96,110,76,80,81,81,89,97,98,115,115,90
20,45,24,31,31,44,32,41,19,44,31,47,29,42,32
21,64,36,60,63,43,42,68,52,34,44,40,65,51,66
22,100,73,102,81,99,90,73,96,101,95,69,79,75,101
23,66,74,81,80,80,59,51,69,53,55,53,42,77,44
24,94,87,77,95,79,74,89,66,71,93,86,83,75,93
25,83,102,116,108,103,109,77,117,93,99,86,105,106,99
26,67,69,78,79,65,75,91,56,64,56,63,79,63,94
27,63,40,44,48,73,54,49,39,55,73,43,51,63,39
28,99,104,88,121,85,103,121,83,90,98,102,88,83,83
29,46,60,34,46,33,23,24,24,34,30,41,61,29,59
30,90,91,108,105,105,101,94,80,80,81,100,105,85,70
31,67,73,94,90,101,79,95,64,92,90,76,80,65,85
32,65,61,76,79,62,76,78,62,71,79,69,73,80,41
33,82,103,90,82,93,91,84,89,101,93,74,73,88,105
34,33,30,30,44,58,59,46,26,28,20,54,46,30,20
35,48,55,72,52,69,44,73,52,72,64,47,49,43,43
36,60,80,66,65,47,55,80,59,71,44,80,59,44,66
37,78,98,88,98,91,93,108,110,102,103,85,96,76,110
38,46,47,36,41,17,30,49,37,41,31,35,17,25,37
39,49,59,30,36,41,40,28,50,33,51,41,36,44,31
40,63,81,67,54,45,78,62,70,70,65,75,44,44,73
41,107,109,103,84,81,114,110,89,116,108,90,87,104,106
42,19,27,16,24,14,31,17,23,35,29,26,29,30,23
43,98,101,83,104,107,108,81,117,89,97,96,78,83,94
44,109,93,129,102,122,105,94,122,120,132,128,112,130,94
45,56,49,71,43,74,41,61,58,42,56,64,41,52,37
46,51,57,70,83,51,60,63,81,71,76,78,83,87,57
47,66,75,57,49,75,61,81,52,46,58,46,78,70,64
48,64,41,40,47,61,76,51,49,39,53,69,48,59,55
49,93,69,75,71,78,63,95,81,71,98,96,63,63,101
50,111,94,95,113,101,106,112,88,91,106,83,110,83,86
51,114,111,105,105,112,109,96,104,93,85,96,95,110,97
52,26,43,54,55,26,43,58,35,40,40,51,29,56,43
53,44,51,67,36,65,54,57,57,57,69,50,76,49,74
54,68,72,57,75,79,57,50,50,81,88,55,56,55,70
55,86,96,89,104,106,77,81,74,97,97,110,84,82,87
56,111,104,114,93,89,106,92,113,91,111,114,81,115,90
57,90,88,109,81,88,83,108,102,79,77,100,79,82,106
58,88,105,70,74,97,97,96,87,70,104,77,84,84,86
59,49,65,78,62,45,57,60,39,76,45,41,61,71,57
60,111,77,110,98,100,89,79,92,105,97,84,74,95,91
61,39,34,22,41,38,49,39,47,41,56,55,50,22,49
62,122,103,118,116,109,117,111,89,85,88,93,87,111,84
63,41,48,48,62,70,55,46,57,67,64,70,74,73,38
64,18,32,49,15,37,45,45,20,38,19,47,46,38,36
65,80,69,79,89,96,89,69,69,93,90,80,73,88,71
66,41,61,75,38,62,38,39,71,56,59,61,49,71,55
67,22,61,53,50,46,48,36,57,40,30,60,42,22,53
68,72,58,44,44,78,66,50,44,72,49,64,58,53,66
69,63,56,33,41,51,41,65,34,48,51,33,39,39,66
70,85,91,122,117,106,90,84,115,97,99,114,122,87,107
71,77,54,78,82,90,87,89,64,70,81,78,51,68,71
72,74,86,92,73,68,70,68,95,74,64,93,64,82,70
73,75,41,39,41,75,38,53,51,40,73,56,73,38,54
74,56,41,70,37,67,54,54,53,70,52,62,72,40,49
75,31,53,22,25,42,50,39,53,53,32,19,44,32,30
76,76,74,56,63,79,51,54,51,81,63,56,65,47,74
77,64,42,72,66,71,56,50,60,54,40,53,40,51,48
78,56,64,33,52,40,42,58,57,52,46,30,28,35,31
79,94,98,82,77,85,89,72,77,86,93,91,68,84,90
80,69,61,77,43,57,77,42,44,68,43,79,55,71,65
81,59,57,47,50,58,34,37,38,40,52,38,38,25,48
82,80,52,49,66,47,44,52,66,74,58,55,59,48,53
83,83,80,87,87,56,89,69,65,71,58,73,74,54,70
84,51,57,49,34,33,44,52,60,44,38,51,41,33,49
85,98,109,75,85,93,83,91,81,108,96,75,76,85,107
86,79,72,81,83,76,86,71,77,93,87,67,97,68,77
87,37,18,57,35,44,50,37,36,57,40,37,48,27,19
88,112,91,86,87,111,107,114,85,112,94,100,92,115,89
89,77,98,63,90,83,96,75,103,89,81,75,68,89,87
90,114,117,115,110,102,86,118,106,87,89,85,112,114,115
91,70,51,58,53,44,76,81,77,60,45,53,49,83,50
92,95,100,105,87,101,68,76,105,76,95,103,83,72,77
93,31,33,55,22,25,53,59,35,42,56,24,62,62,57
94,31,27,35,24,24,51,25,61,57,43,45,36,63,58
95,52,58,43,41,45,40,59,56,21,50,34,48,32,59
96,43,26,39,13,44,39,16,41,47,31,24,26,21,23
97,19,46,34,26,53,16,37,27,20,49,36,51,43,23
98,86,62,60,74,81,72,72,86,55,83,92,82,85,58
99,47,36,23,51,22,39,36,43,40,49,29,46,47,48
100,78,88,95,105,108,83,100,91,84,102,93,68,78,100
101,45,25,39,46,29,57,34,58,45,29,39,38,50,44
102,73,71,44,40,42,52,61,63,52,72,39,69,68,46
103,58,24,37,54,54,47,45,22,22,22,62,22,41,28
104,108,93,82,96,117,87,87,98,99,85,87,82,91,102
105,90,80,114,83,98,79,111,93,103,94,91,76,110,105
106,18,22,16,18,46,19,50,18,40,23,32,37,50,17
107,57,45,52,51,38,41,67,47,38,67,65,33,64,37
108,103,95,85,87,106,105,105,101,83,76,78,104,101,79
109,53,43,67,68,69,70,56,69,61,45,61,31,60,67
110,53,78,62,65,64,74,59,65,73,59,73,86,54,51
111,93,71,92,81,100,105,80,100,110,99,78,99,97,71
112,87,63,71,96,87,79,93,100,64,74,63,60,64,61
113,47,24,38,27,52,32,34,52,34,41,42,31,33,59
114,77,96,87,90,75,82,102,104,107,81,94,86,80,75
115,28,31,41,34,40,31,30,29,36,18,51,40,51,23
116,55,52,43,18,33,27,33,20,19,36,49,17,53,46
117,96,112,96,108,121,98,88,107,94,109,126,108,107,115
118,51,29,32,32,60,47,27,59,43,65,36,46,27,35
119,109,94,110,115,82,118,79,97,99,95,82,88,90,104
120,47,66,66,71,44,59,53,49,41,61,58,77,74,73
121,85,74,93,102,83,82,80,72,93,107,97,74,70,94
122,53,64,76,64,51,74,48,60,74,58,56,43,73,76
123,46,42,57,29,49,45,56,54,56,51,59,35,45,43
124,80,65,86,75,96,81,105,74,99,81,71,78,79,84
125,100,108,106,79,89,101,103,99,96,116,98,105,102,108
126,48,32,35,26,34,30,41,34,33,39,25,24,26,56
127,92,65,65,54,74,63,76,79,72,60,56,58,92,67
128,90,122,116,106,115,105,111,101,106,101,94,124,118,92
129,98,86,80,89,65,95,87,91,72,63,69,80,65,91
130,64,90,75,93,90,90,69,60,91,80,62,85,95,99
131,47,49,47,66,77,58,45,50,48,45,48,63,77,77
132,51,53,34,73,64,41,42,44,46,52,53,58,72,64
133,54,37,29,61,33,58,59,46,59,39,48,33,51,32
134,56,27,32,25,30,52,54,33,32,55,49,19,44,21
135,58,58,61,38,38,36,30,57,47,42,53,33,41,29
136,89,76,97,86,101,75,104,108,107,76,95,75,84,108
137,50,60,34,68,68,36,70,70,50,41,63,34,59,46
138,70,67,62,75,52,71,76,53,37,74,65,63,72,61
139,54,74,69,90,79,72,54,67,85,56,64,55,77,79
140,67,52,57,71,54,68,69,55,50,55,70,76,51,65
141,53,73,70,50,62,61,49,56,39,73,43,58,72,41
142,51,41,63,80,80,63,50,50,63,69,50,60,63,79
143,49,50,36,44,42,46,50,48,45,22,30,27,41,41
144,42,56,44,55,35,24,55,37,47,35,63,57,39,51
145,108,108,86,109,119,110,104,102,96,86,98,123,96,106
146,72,69,100,92,92,69,84,81,71,108,100,95,103,74
147,67,76,65,41,55,72,74,56,62,63,69,70,53,57
148,61,52,35,30,50,34,52,59,59,44,57,30,58,49
149,52,38,49,35,48,25,37,41,36,30,33,44,29,34
150,45,51,55,64,42,39,51,54,51,52,41,40,55,69
151,66,54,87,53,63,59,66,78,78,56,62,83,91,63
152,95,92,84,105,93,100,92,110,99,91,91,85,114,87
153,80,63,98,93,93,80,83,68,75,92,78,93,67,62
154,38,29,51,19,35,45,47,36,51,32,35,47,49,51
155,101,96,78,73,99,83,100,100,80,75,85,109,81,104
156,40,54,70,67,43,39,39,73,66,76,50,47,64,59
157,102,116,99,108,89,98,98,107,88,101,95,84,94,121
158,65,64,50,59,61,39,50,52,29,52,63,53,52,39
159,113,104,96,119,87,119,113,113,119,94,83,100,92,112
160,57,40,43,39,47,43,36,52,62,72,38,49,45,38
161,52,63,61,63,31,31,38,59,49,47,44,38,45,39
162,35,37,16,16,38,31,26,24,14,38,23,35,19,48
163,57,45,77,78,42,58,42,64,64,59,53,53,61,42
164,18,40,45,47,26,18,21,25,53,29,39,19,41,30
165,42,54,40,62,31,42,63,25,59,59,55,34,24,58
166,71,61,43,60,61,54,82,64,65,50,55,81,70,66
167,45,37,45,14,24,19,25,28,37,49,30,22,32,19
168,58,67,57,66,32,66,45,42,48,62,29,37,40,66
169,79,69,62,61,57,73,68,47,52,70,72,47,70,69
170,61,89,76,91,97,91,71,72,85,61,80,82,81,96
171,89,104,81,78,108,89,105,102,97,109,86,110,103,92
172,95,85,100,68,77,89,73,75,97,108,76,93,96,68
173,94,63,58,74,59,86,68,70,81,95,70,89,75,83
174,54,42,33,38,23,37,38,20,45,49,22,52,44,59
175,85,69,79,72,87,98,64,73,96,75,78,67,65,80
176,53,60,22,41,26,25,33,43,43,43,43,33,59,55
177,113,81,79,111,104,79,88,96,109,85,99,77,74,78
178,76,62,57,58,52,54,53,53,58,73,43,41,41,42
179,80,94,100,82,109,110,113,87,108,115,84,96,111,78
180,76,73,62,61,50,56,64,77,62,62,72,38,63,44
181,93,114,80,80,92,98,104,104,106,102,112,91,106,112
182,83,86,78,82,93,104,113,76,114,91,85,81,87,87
183,106,103,86,103,91,84,78,74,98,79,87,105,104,81
184,75,71,54,76,47,39,55,69,47,41,70,53,39,48
185,41,28,50,30,27,45,38,51,59,56,61,55,48,47
186,106,94,92,82,102,100,116,100,113,86,89,97,96,101
187,106,83,88,97,107,82,89,89,104,73,94,87,77,100
188,108,88,86,95,103,109,114,116,84,93,93,89,92,115
189,102,65,74,83,70,85,69,66,65,80,78,86,87,93
190,103,101,107,120,88,89,110,86,94,98,84,82,93,92
191,53,57,81,73,51,54,83,73,74,65,70,65,52,68
192,102,103,118,83,115,121,106,98,119,118,113,114,104,122
193,101,97,94,109,107,91,114,102,115,117,90,118,100,96
194,56,38,39,26,45,46,48,39,37,62,30,34,31,60
195,105,94,89,116,104,98,101,102,109,116,89,94,116,86
196,103,115,118,80,105,87,100,88,108,87,115,115,117,112
197,34,65,42,34,34,71,59,65,70,35,64,60,60,70
198,35,41,61,43,48,39,59,46,29,47,27,47,51,48
199,54,51,55,78,41,60,41,73,47,69,43,56,74,73
200,116,118,112,106,84,119,110,114,95,122,90,104,107,103
201,43,26,30,59,62,58,28,33,39,32,51,53,57,57
202,34,43,34,34,55,37,33,53,28,26,25,55,54,36
203,62,94,83,76,81,89,77,69,97,66,90,84,96,94
204,103,105,90,78,77,89,89,89,112,89,83,91,79,107
205,64,66,59,55,62,50,65,53,65,66,75,84,84,58
206,91,110,117,108,111,104,111,123,94,98,126,123,120,93
207,107,116,112,121,120,122,91,121,94,116,111,84,122,87
208,44,57,42,68,55,57,46,49,73,54,71,65,65,68
209,88,82,79,91,80,77,104,94,84,92,117,111,85,105
210,97,90,105,88,115,92,92,87,111,117,117,89,114,107
211,109,119,120,106,88,85,111,83,117,81,102,113,108,119
212,61,80,70,58,53,65,73,83,51,55,83,82,55,69
213,54,35,21,20,23,47,32,39,33,29,32,25,42,36
214,110,123,109,106,107,123,126,104,117,97,98,133,120,101
215,48,30,47,50,45,20,47,54,27,30,47,39,54,22
216,93,82,113,107,99,90,107,80,78,81,113,84,88,79
217,122,118,121,112,86,121,106,86,88,118,89,85,98,111
218,72,67,50,73,75,81,79,51,71,73,78,76,53,81
219,39,28,45,50,53,66,61,50,52,59,38,31,62,34
220,65,47,81,59,55,57,82,65,47,42,52,69,81,56
221,39,51,66,51,47,49,47,41,45,44,33,32,30,55
222,70,80,60,78,66,86,99,93,79,81,61,80,80,86
223,48,55,44,74,43,44,76,69,77,78,77,55,48,44
224,48,48,73,59,44,51,50,54,75,55,48,60,73,39
225,43,43,41,58,30,37,28,39,40,27,48,29,28,28
226,56,33,61,58,48,55,38,45,32,35,42,25,55,62
227,30,35,56,46,25,59,63,48,37,29,61,37,39,28
228,72,56,84,82,75,53,67,76,79,83,69,63,79,54
229,92,104,98,103,87,106,108,77,94,99,91,94,109,109
230,43,49,62,47,50,43,44,45,53,60,38,63,46,55
231,76,86,64,65,72,88,85,84,87,61,60,85,96,91
232,59,57,56,66,53,60,80,68,84,76,85,74,71,56
233,86,52,72,70,59,82,79,86,55,71,73,55,71,90
234,31,21,26,38,44,58,58,36,26,32,34,19,36,36
235,62,59,33,34,25,46,30,48,24,63,39,23,62,42
236,82,93,104,97,77,87,94,102,105,72,99,105,83,82
237,62,51,43,64,60,37,65,36,58,58,62,66,68,36
238,60,57,72,74,49,73,59,69,41,79,56,65,71,40
239,101,95,118,106,108,109,116,115,105,118,110,108,87,84
240,103,90,98,88,85,73,77,88,78,99,107,106,112,75
241,112,101,87,107,88,82,116,92,93,79,81,82,83,86
242,57,48,64,31,34,29,53,42,52,38,66,51,45,29
243,81,83,67,75,72,69,72,67,64,72,100,99,64,83
244,42,19,18,30,31,18,42,38,39,38,40,45,35,51
245,50,31,21,47,54,48,40,53,38,49,58,42,41,24
246,36,49,32,26,29,59,56,43,32,44,47,46,24,57
247,52,40,77,65,59,70,75,58,58,58,45,56,58,65
248,57,67,74,84,91,64,62,70,65,84,91,75,88,78
249,39,54,42,44,55,71,38,74,42,65,40,55,56,48
250,46,75,68,72,80,52,46,61,56,57,61,81,79,52
251,46,35,47,40,20,43,47,31,50,48,19,31,40,30
252,78,105,104,101,96,79,89,115,102,105,101,112,107,113
253,56,67,86,59,77,52,50,50,60,50,59,49,70,50
254,59,55,44,47,23,28,34,57,26,35,43,59,59,56
255,45,64,40,46,41,46,62,61,67,62,46,66,55,54
256,81,99,85,80,75,86,91,72,99,65,84,91,74,77
257,40,28,29,55,20,31,58,48,26,23,58,24,23,41
258,88,102,102,114,99,114,85,76,93,104,91,112,92,95
259,112,80,85,103,78,79,77,100,95,113,76,102,113,104
260,115,91,110,114,121,114,93,99,109,102,114,117,108,113
261,109,91,108,119,120,94,112,107,117,89,111,126,97,87
262,24,62,43,49,32,58,47,52,57,33,27,29,45,59
263,57,72,88,95,55,80,92,85,82,81,88,57,85,90
264,35,42,35,58,61,37,45,48,56,53,38,33,28,45
265,88,99,104,95,81,100,75,89,74,99,106,108,101,107
266,111,95,75,95,82,105,79,105,93,115,82,95,86,91
267,50,34,21,27,48,32,47,44,47,32,56,22,31,49
268,29,21,30,34,41,29,49,57,35,25,31,49,51,37
269,36,41,54,54,60,31,61,46,30,45,30,64,33,49
270,26,39,26,30,31,34,39,50,45,32,53,46,28,36
271,60,58,31,56,26,37,51,39,42,36,50,53,42,39
272,36,14,26,52,23,46,25,49,28,13,40,18,25,24
273,115,108,95,94,114,110,119,114,110,89,111,87,122,89
274,92,90,98,107,82,103,88,73,73,104,82,72,90,100
275,16,25,49,32,41,20,20,46,48,32,32,33,24,34
276,85,76,96,101,75,79,87,71,84,70,101,78,97,80
277,102,108,131,98,96,109,133,121,107,126,122,120,98,98
278,104,84,105,81,69,77,80,78,77,83,106,81,77,96
279,59,40,44,53,36,37,42,68,50,38,53,65,50,38
280,42,48,54,76,44,39,41,76,70,65,53,50,39,52
281,85,93,81,112,110,104,109,89,90,112,82,107,94,78
282,69,75,64,62,76,52,60,43,63,64,49,54,45,75
283,58,52,41,70,57,50,45,72,48,41,76,74,61,44
284,37,35,48,56,42,35,37,63,30,46,60,53,32,39
285,108,117,93,89,106,113,96,85,95,81,114,87,88,112
286,50,38,52,41,50,56,27,25,35,44,45,35,40,50
287,81,106,112,85,82,81,105,112,109,91,112,81,87,92
288,86,79,99,68,82,72,87,103,68,78,90,97,91,103
289,63,33,38,59,58,63,35,44,63,62,61,59,32,33
290,51,47,63,59,72,57,68,76,63,58,76,56,72,56
291,63,59,28,58,61,51,31,46,54,38,32,34,53,38
292,42,20,47,16,25,14,28,43,50,46,26,28,42,17
293,86,73,59,71,58,88,85,95,72,90,70,91,78,90
294,51,51,54,42,44,30,67,37,30,41,56,65,66,37
295,50,39,35,57,23,33,29,29,36,25,18,39,41,23
296,73,96,78,76,105,92,97,90,71,88,98,95,73,91
297,40,49,53,24,19,53,52,13,49,47,25,21,45,53
298,104,73,102,69,89,82,107,78,93,81,98,89,100,74
299,113,86,77,93,81,76,93,111,102,97,78,111,91,89
300,47,58,53,29,30,26,56,31,66,45,29,39,39,62
301,49,53,78,46,79,75,48,54,47,63,65,62,46,56
302,25,26,39,45,43,25,26,16,28,25,17,37,17,28
303,85,104,107,115,121,88,105,90,87,105,109,101,107,94
304,90,116,90,123,92,94,109,88,113,124,122,116,110,125
305,70,106,84,100,94,73,95,100,84,96,88,86,108,97
306,48,60,49,42,29,52,59,25,20,32,44,39,52,31
307,98,103,95,116,123,88,113,104,101,113,122,113,92,87
308,49,33,35,56,66,47,41,40,64,58,55,72,46,34
309,57,24,39,47,44,36,48,36,54,52,24,32,51,25
310,72,70,86,75,76,79,78,100,70,102,80,73,86,66
311,92,87,84,78,84,75,82,82,74,70,88,91,107,77
312,86,107,108,115,103,94,82,80,86,80,115,105,83,84
313,54,46,56,24,34,23,56,56,50,48,35,28,48,23
314,57,71,48,39,40,59,42,65,68,52,54,50,55,48
315,84,84,79,92,97,89,91,106,99,82,86,113,92,94
316,23,19,51,41,36,38,19,33,51,40,50,47,35,22
317,47,37,55,61,39,54,47,37,38,45,51,41,33,37
318,61,53,68,61,44,70,61,56,52,60,68,59,73,72
319,33,32,41,44,42,22,19,52,48,44,36,32,45,46
320,102,77,110,98,115,88,117,112,89,117,97,114,89,109
321,41,31,63,29,50,50,57,59,45,62,42,31,52,54
322,14,33,54,35,21,24,38,28,14,36,32,52,54,39
323,93,96,98,110,91,94,86,81,116,112,89,77,97,92
324,54,65,41,39,40,60,49,64,64,40,57,49,44,49
325,102,106,96,78,94,97,71,100,93,107,95,81,71,73
326,48,55,65,68,72,64,80,75,64,52,68,52,58,61
327,70,65,105,105,92,73,70,86,87,99,104,84,86,74
328,79,86,81,85,76,108,94,104,88,80,94,87,91,91
329,55,49,72,62,54,74,53,61,68,60,74,60,53,81
330,60,65,44,73,51,45,50,60,76,43,79,50,45,41
331,50,50,33,38,46,40,51,43,44,16,35,39,23,53
332,94,82,113,80,95,82,99,118,80,106,102,111,106,83
333,81,88,85,92,82,55,84,91,64,84,65,78,93,61
334,21,50,25,25,50,42,59,42,28,26,55,36,59,37
335,78,77,98,81,88,96,83,90,84,100,92,102,92,98
336,64,77,52,43,81,42,53,64,49,54,61,50,76,79
337,112,107,91,92,107,76,90,81,103,101,89,75,87,107
338,103,71,94,69,84,84,88,95,76,70,76,89,78,72
339,47,47,55,65,68,41,74,41,60,66,59,56,68,54
340,78,55,69,46,49,62,47,78,49,43,76,53,71,82
341,105,109,106,93,87,84,104,106,115,95,85,84,96,88
342,46,57,53,22,29,31,49,23,54,33,30,55,20,50
343,82,83,88,78,103,107,99,112,112,80,87,80,77,87
344,109,79,100,111,103,95,83,112,86,100,112,110,106,113
345,105,81,113,106,99,94,82,93,118,90,111,100,109,113
346,71,45,71,54,60,66,66,52,71,72,70,62,60,45
347,80,100,88,76,104,85,80,107,82,104,105,89,82,80
348,78,84,72,94,104,87,75,65,77,93,101,84,80,87
349,58,66,57,35,46,32,39,33,61,56,66,32,59,32
350,73,73,45,64,47,78,72,54,75,73,70,76,44,52
351,52,30,49,60,31,22,24,53,29,48,34,46,34,53
352,25,14,25,25,50,26,35,30,26,24,34,18,41,34
353,45,62,76,72,48,64,45,67,47,59,66,71,62,58
354,44,58,70,78,75,77,71,65,71,54,50,76,45,38
355,36,61,53,24,45,30,44,58,39,57,48,61,46,23
356,91,78,78,112,103,76,90,88,109,78,79,85,74,80
357,30,34,58,48,58,31,25,37,27,40,36,54,31,35
358,102,100,116,93,88,90,115,115,84,95,96,88,82,90
359,97,93,111,93,102,108,89,83,108,114,104,78,97,83
360,81,72,81,100,87,101,75,66,81,65,75,75,89,98
361,44,46,34,22,53,36,27,57,45,35,26,26,53,39
362,71,38,47,60,55,76,71,37,57,52,38,49,47,65
363,80,75,88,63,78,57,78,77,57,82,62,54,50,68
364,76,40,73,74,78,65,66,44,58,70,57,71,45,66
365,112,93,82,116,94,102,99,91,92,113,96,107,114,85
366,26,32,26,29,23,55,24,19,56,42,50,55,21,34
367,63,67,57,73,64,70,72,56,61,82,57,53,43,60
368,19,19,26,49,29,14,21,35,19,19,23,15,18,50
369,109,97,89,77,74,76,85,79,89,106,77,74,100,98
370,106,96,87,86,74,110,77,101,98,104,98,82,95,95
371,78,84,75,71,66,55,77,67,51,55,53,62,62,62
372,54,80,48,63,48,46,50,80,61,50,84,82,64,48
373,114,112,105,104,95,112,94,109,106,85,105,84,78,79
374,48,32,20,44,52,35,30,23,35,21,28,27,47,25
375,106,91,109,92,108,119,110,85,99,94,96,82,102,116
376,102,86,110,89,103,108,97,99,112,97,119,91,98,82
377,51,61,49,84,53,57,62,74,55,52,74,79,83,59
378,79,83,80,92,107,96,98,81,77,77,100,103,83,107
379,67,62,51,46,46,51,73,61,71,67,43,62,45,68
380,115,81,118,90,102,110,115,83,83,82,87,101,109,113
381,110,111,105,120,84,106,117,92,88,88,86,88,82,112
382,120,112,122,93,105,86,123,109,100,122,112,116,89,105
383,60,43,24,41,40,37,52,58,36,58,31,52,34,49
384,66,71,58,46,78,50,50,57,47,51,59,72,62,45
385,82,77,78,80,70,73,67,82,84,86,82,84,67,63
386,99,110,97,110,113,84,100,108,91,107,99,92,96,96
387,49,46,52,49,60,64,45,44,70,59,62,76,73,64
388,70,76,62,60,67,58,44,59,60,75,56,67,58,57
389,32,37,55,59,61,29,27,46,25,33,29,43,38,43
390,25,55,30,30,23,49,52,23,49,45,50,44,57,28
391,122,105,111,103,107,109,102,117,103,103,90,120,123,109
392,74,43,75,43,49,75,80,61,61,52,77,72,67,77
393,96,85,108,77,83,68,86,108,93,75,100,99,100,68
394,34,50,21,37,28,27,53,40,36,36,23,34,47,24
395,79,109,104,86,85,91,97,94,79,93,89,81,104,110
396,68,68,69,55,56,80,55,47,47,50,55,76,57,71
397,60,86,64,66,97,84,90,78,69,67,96,70,96,79
398,107,109,98,96,90,95,111,74,108,85,98,76,74,104
399,102,92,108,105,93,105,95,106,123,109,98,87,125,100
400,51,69,78,49,44,75,55,40,54,41,58,58,76,61
401,70,52,75,53,63,73,65,50,65,69,48,46,45,53
402,88,95,103,85,83,103,101,108,82,89,97,76,87,89
403,73,78,67,62,51,80,82,64,50,59,48,47,64,66
404,116,104,87,105,115,110,116,85,91,109,86,85,105,107
405,36,37,24,43,51,39,59,34,36,34,48,25,45,46
406,42,36,20,40,50,36,19,52,45,20,32,55,16,20
407,82,96,107,98,120,114,119,94,82,110,85,112,94,101
408,80,101,67,84,101,87,69,104,76,87,78,94,67,82
409,65,89,80,77,92,80,93,59,95,75,93,63,72,90
410,18,14,15,41,50,23,22,23,21,33,21,13,47,52
411,59,57,45,49,53,49,25,48,22,27,34,28,53,43
412,55,46,64,70,57,69,66,38,72,45,68,42,60,42
413,45,47,40,57,43,70,42,32,56,34,55,35,42,49
414,98,77,84,106,94,86,94,84,70,72,92,103,69,94
415,36,54,42,31,34,53,34,38,53,41,29,40,34,44
416,54,46,86,72,56,74,82,55,78,85,86,68,54,85
417,85,104,103,115,118,109,116,119,93,88,122,105,123,110
418,85,86,82,111,89,88,116,119,117,86,86,94,84,91
419,112,118,109,100,102,91,121,112,104,107,125,91,124,88
420,59,78,52,64,80,51,79,72,43,47,56,71,55,52
421,115,95,103,94,106,113,117,99,122,99,123,94,118,120
422,77,93,91,98,86,83,78,89,101,89,95,90,69,91
423,28,30,39,43,48,45,27,53,63,41,57,62,53,59
424,86,90,98,73,72,78,75,71,85,89,81,85,70,74
425,51,77,73,83,62,59,55,82,84,50,84,63,44,79
426,44,72,47,47,52,57,74,71,73,72,52,52,47,40
427,80,76,58,74,46,64,61,61,51,60,78,62,60,47
428,52,52,48,36,36,52,57,42,59,32,61,51,47,55
429,108,97,80,94,86,115,116,80,107,103,97,88,110,89
430,32,33,36,39,38,53,33,47,34,37,50,53,26,36
431,101,97,81,90,90,115,116,104,97,84,98,95,84,116
432,66,51,62,46,71,58,46,76,44,56,57,50,48,77
433,93,79,88,78,76,67,87,72,78,56,73,83,66,81
434,59,74,78,60,75,73,69,43,65,63,61,62,57,43
435,81,75,69,62,64,83,85,65,77,92,71,84,93,63
436,93,82,110,88,84,81,72,105,82,89,101,98,93,98
437,47,62,46,35,37,32,63,41,31,43,42,33,35,55
438,42,59,68,39,37,54,47,49,36,50,43,62,68,54
439,57,33,57,55,35,29,59,37,38,53,50,39,52,29
440,24,52,45,44,45,31,58,55,55,42,46,45,53,39
441,68,73,91,82,98,72,88,94,103,82,78,77,88,92
442,115,106,112,87,93,106,96,112,94,83,107,86,104,105
443,51,62,61,50,39,77,49,68,69,62,50,39,60,60
444,52,53,39,45,73,51,70,37,55,65,37,45,41,47
445,53,43,58,37,35,32,21,41,37,44,30,21,20,55
446,87,93,97,97,81,100,76,70,103,103,81,63,80,103
447,80,85,107,74,101,82,87,83,93,78,76,89,106,79
448,60,61,59,77,88,81,83,83,79,49,63,75,69,65
449,73,74,57,49,78,57,77,65,75,47,44,47,51,72
450,40,40,63,71,66,77,45,45,60,39,54,72,40,51
451,91,128,118,103,99,114,120,90,121,94,103,89,119,99
452,42,51,40,44,65,52,35,37,63,65,45,32,49,53
453,40,42,45,63,59,47,72,53,56,66,40,57,50,40
454,48,50,31,29,52,35,57,33,31,59,48,29,47,61
455,94,91,88,95,111,89,101,115,83,97,121,91,117,104
456,86,82,107,108,75,72,86,90,78,106,68,105,69,77
457,52,35,62,31,29,32,26,36,58,32,27,33,32,48
458,91,116,112,87,91,106,94,106,98,84,121,107,95,106
459,70,58,78,67,45,71,67,68,85,75,45,82,60,73
460,27,50,31,28,50,47,36,51,35,58,38,58,34,31
461,61,79,85,58,92,95,88,73,64,64,63,96,91,84
462,74,75,78,84,88,84,90,105,99,83,71,71,68,70
463,57,50,77,46,58,79,40,69,56,66,73,48,75,74
464,105,89,100,96,90,85,101,80,98,78,92,100,91,101
465,83,67,102,97,65,100,102,84,79,83,79,70,77,102
466,51,79,75,65,79,78,69,63,62,49,47,51,76,50
467,66,67,84,76,81,72,106,89,103,72,103,91,66,81
468,86,112,102,88,118,102,112,99,120,88,104,109,116,93
469,37,29,23,56,60,23,62,43,57,56,40,52,56,45
470,45,64,57,53,52,47,39,61,33,63,42,48,24,52
471,62,56,60,65,57,45,49,40,40,51,40,68,68,65
472,80,85,90,74,81,93,109,92,74,87,94,89,101,86
473,40,31,61,49,36,49,42,59,63,54,55,39,41,63
474,41,50,47,33,52,64,53,26,41,43,31,65,62,29
475,90,58,79,74,86,91,89,92,65,90,83,61,75,71
476,46,40,29,60,31,61,65,48,58,31,30,30,62,43
477,68,58,47,41,43,50,40,61,50,47,55,30,60,59
478,110,94,98,110,112,94,103,107,123,101,83,91,85,94
479,72,41,72,53,65,60,51,41,41,73,40,69,44,47
480,116,120,93,120,90,91,114,83,108,96,110,101,116,122
481,72,66,71,67,92,81,56,88,64,85,73,88,67,74
482,105,93,116,92,87,119,104,125,115,114,92,104,106,95
483,53,59,29,20,22,54,23,27,34,20,28,29,60,57
484,64,63,74,74,63,76,51,65,56,64,75,75,60,78
485,56,69,31,65,37,63,48,36,42,36,62,46,63,50
486,30,41,44,59,45,34,58,21,21,35,24,54,35,32
487,85,122,91,97,100,118,84,104,114,102,82,101,102,104
488,62,68,42,59,48,70,45,63,34,68,36,58,58,64
489,74,54,49,83,69,79,65,58,54,84,80,72,60,83
490,41,65,64,66,60,38,59,74,45,62,72,57,45,74
491,86,89,71,98,60,83,83,87,72,81,97,91,92,96
492,85,71,50,67,77,55,79,79,54,81,71,52,79,63
493,32,14,33,48,45,22,51,48,27,33,17,24,45,46
494,77,90,80,108,104,104,83,98,75,73,70,108,103,99
495,41,80,74,56,60,60,51,77,65,65,53,54,41,60
496,35,40,29,49,57,41,59,43,45,43,57,33,56,43
497,112,86,90,87,124,86,119,120,113,116,105,100,121,96
498,39,26,26,53,48,53,57,60,25,49,65,53,36,28
499,115,102,90,109,104,88,78,82,88,115,94,98,118,81
500,115,111,100,116,114,127,123,125,125,111,126,107,98,94
501,38,33,52,45,40,47,35,38,56,42,52,34,33,41
502,82,102,117,81,113,113,83,114,120,104,82,113,117,94
503,70,88,56,61,53,76,63,93,70,88,53,54,85,66
504,66,62,40,53,57,37,46,45,39,54,56,54,28,50
505,61,39,36,50,57,60,31,34,48,31,25,41,60,47
506,89,60,95,82,62,82,74,79,69,100,94,60,75,61
507,29,55,26,54,50,38,27,37,39,56,40,55,41,29
508,71,81,71,56,56,57,62,72,77,72,73,59,82,64
509,110,114,123,98,90,113,123,129,115,93,119,105,113,125
510,71,78,60,63,75,77,57,57,76,72,57,61,54,81
511,109,104,111,93,111,90,112,104,114,119,119,102,109,111
512,25,50,56,34,57,38,25,59,37,34,59,54,45,55
513,37,23,44,23,43,53,28,47,36,45,43,56,24,39
514,48,40,51,68,66,36,58,67,71,39,44,57,56,67
515,58,52,58,43,54,48,35,19,18,24,54,19,35,41
516,56,25,61,30,41,63,33,36,46,36,65,31,41,34
517,88,83,100,67,71,76,68,79,81,81,100,75,100,93
518,65,75,89,54,94,85,84,84,64,80,87,75,85,76
519,79,80,89,110,107,103,98,102,91,97,99,103,85,109
520,73,84,69,55,50,73,58,75,47,66,67,73,67,66
521,102,95,82,87,95,88,117,86,116,114,88,117,87,100
522,123,121,110,122,129,118,131,105,114,110,107,124,128,121
523,76,79,72,80,77,68,93,68,101,100,78,88,83,100
524,37,50,36,57,43,43,29,61,24,38,56,37,24,28
525,107,101,88,82,93,108,113,112,105,94,91,82,115,80
526,120,91,82,122,103,104,88,118,82,82,105,103,113,102
527,37,43,40,38,39,28,39,51,27,64,50,27,51,63
528,98,72,75,89,79,96,80,68,79,89,98,82,89,90
529,35,39,63,66,60,69,57,43,67,56,58,52,55,45
530,33,55,54,38,58,58,46,43,46,27,31,60,26,55
531,118,92,93,103,101,109,89,117,95,90,82,115,94,87
532,59,25,29,29,31,47,38,46,61,45,33,43,29,34
533,47,35,54,25,35,36,26,24,62,51,31,25,26,43
534,87,86,97,69,74,61,91,78,75,77,77,65,82,78
535,95,103,83,77,99,105,84,70,101,68,106,94,71,100
536,60,62,56,49,56,70,60,69,49,60,64,42,37,43
537,86,80,71,76,90,89,70,98,71,83,75,62,67,81
538,47,60,53,71,66,56,34,74,56,69,44,62,53,56
539,78,78,73,98,107,109,70,87,84,104,72,83,82,98
540,31,54,33,60,35,38,33,27,27,32,29,39,30,48
541,65,56,60,46,42,60,67,38,55,62,54,66,78,54
542,44,55,53,59,35,71,68,56,62,36,45,68,65,58
543,49,54,56,50,36,49,32,23,19,48,43,47,50,40
544,44,42,41,50,48,51,61,67,34,31,32,34,32,30
545,37,43,26,35,60,43,60,60,32,26,49,33,30,61
546,110,102,99,94,94,110,111,90,81,80,82,115,92,85
547,23,51,38,43,13,38,26,26,28,33,12,32,35,45
548,86,110,82,91,81,99,112,94,80,119,116,86,88,111
549,41,70,73,51,73,42,72,75,45,39,77,51,76,56
550,41,68,54,62,61,65,66,41,58,45,79,65,57,55
551,63,53,84,63,87,75,75,78,57,66,79,66,88,62
552,35,69,54,58,50,34,46,62,48,48,56,47,63,61
553,56,63,69,41,55,71,62,38,41,45,46,48,41,59
554,68,65,41,69,78,45,57,42,77,68,62,70,42,53
555,42,29,26,57,53,33,30,54,27,31,44,39,31,40
556,68,57,64,51,80,74,59,65,74,44,75,80,64,51
557,21,42,53,22,48,54,22,50,32,47,48,34,43,59
558,28,52,49,47,27,47,65,34,50,66,49,42,37,28
559,50,24,48,55,16,27,41,33,56,22,56,21,39,25
560,131,123,105,91,125,94,131,105,123,126,117,102,120,101
561,40,48,18,31,46,30,43,33,53,48,38,21,35,47
562,24,57,60,58,35,59,25,39,26,45,34,35,42,29
563,92,81,84,77,111,73,85,85,110,104,100,101,103,87
564,101,105,105,103,110,122,94,97,92,117,94,119,113,93
565,92,105,92,91,110,93,91,74,108,107,85,95,91,108
566,116,84,89,110,98,117,85,112,91,117,107,115,114,109
567,52,43,43,60,54,46,58,34,30,53,57,60,25,30
568,87,100,101,114,119,111,109,116,117,113,108,112,115,95
569,55,27,24,27,23,53,51,50,20,36,44,47,44,46
570,93,87,93,88,92,88,104,85,72,85,96,78,88,91
571,33,45,60,32,62,42,43,51,38,33,29,46,34,34
572,68,34,47,62,49,47,45,41,45,60,68,58,32,57
573,102,104,117,85,96,117,101,96,121,103,106,109,110,109
574,71,83,68,77,47,55,50,59,87,76,67,48,60,77
575,48,58,45,60,34,38,45,71,73,64,40,34,61,41
576,119,107,105,108,98,113,117,95,91,103,108,110,84,85
577,89,71,103,86,69,76,75,73,88,90,76,72,82,84
578,46,31,17,28,50,43,49,41,33,20,39,18,51,24
579,72,63,62,65,68,79,47,81,75,72,49,53,71,55
580,82,100,100,81,96,88,78,107,86,82,79,82,96,94
581,66,50,77,54,52,59,49,81,63,67,84,76,53,71
582,61,51,27,26,57,33,21,60,42,59,22,44,22,42
583,84,114,88,116,88,87,83,93,91,119,118,103,112,87
584,98,88,79,69,79,65,74,89,76,75,96,74,80,93
585,95,106,99,106,87,105,71,106,110,93,111,79,98,104
586,67,58,67,36,68,43,31,39,67,61,62,52,65,63
587,67,85,72,102,84,94,70,64,76,100,86,79,77,88
588,73,49,72,80,55,63,75,70,71,70,66,56,81,68
589,108,124,95,105,110,123,95,114,124,105,115,90,126,129
590,49,41,50,53,57,50,38,45,31,52,51,45,34,68
591,124,89,98,84,121,105,85,85,84,122,121,85,95,106
592,101,95,95,74,81,83,104,82,105,74,102,98,80,89
593,50,36,34,52,51,62,48,56,53,47,55,28,55,61
594,86,68,89,78,90,59,70,52,54,70,71,91,74,71
595,50,25,53,53,48,25,33,50,26,50,36,20,47,54
596,96,120,94,107,122,95,102,118,103,85,116,101,86,108
597,40,43,65,28,48,63,59,42,37,35,43,46,63,66
598,45,29,51,64,53,57,64,49,62,46,50,29,38,30
599,56,62,60,67,68,50,47,68,54,42,49,69,66,74
600,75,50,71,72,37,76,59,39,65,75,58,58,59,52
601,49,54,89,58,61,54,65,73,57,87,75,57,65,86
602,50,82,73,47,71,73,62,46,82,60,63,81,64,68
603,60,81,45,70,73,69,80,75,70,51,52,51,63,56
604,46,63,39,51,47,69,40,51,72,56,51,47,48,37
605,72,87,103,69,82,97,104,75,88,90,81,88,104,90
606,73,81,71,84,83,73,79,85,68,90,81,72,100,70
607,42,34,40,72,50,63,66,67,44,72,40,44,41,39
608,44,66,75,54,73,53,50,65,75,37,58,72,52,62
609,69,36,47,41,40,64,64,45,45,39,66,75,47,40
610,118,91,110,112,101,83,85,98,110,114,97,96,111,84
611,51,50,69,33,61,34,44,30,62,34,31,67,61,65
612,60,36,58,33,48,57,59,59,55,56,59,49,60,24
613,80,74,41,63,64,73,57,50,77,54,79,57,68,56
614,97,87,112,94,113,115,116,106,104,114,104,108,86,111
615,115,89,122,124,121,104,84,99,98,109,88,101,95,101
616,54,46,75,76,56,72,67,56,70,80,48,45,76,61
617,50,42,48,58,58,31,35,58,42,25,51,32,46,39
618,74,74,67,56,56,75,79,43,44,41,81,75,44,57
619,124,117,129,126,120,97,125,108,127,99,114,114,130,107
620,22,25,38,54,42,35,46,36,48,35,51,56,54,39
621,40,46,55,40,45,50,26,55,27,60,41,43,50,44
622,85,117,98,93,116,88,98,125,118,94,99,118,105,107
623,35,38,63,38,56,51,56,39,43,65,57,54,75,73
624,88,78,60,64,86,90,67,64,83,87,94,94,63,63
625,73,75,86,69,90,100,75,66,102,77,84,68,90,95
626,22,49,43,58,33,52,45,23,23,36,54,54,51,48
627,79,71,42,58,44,80,79,54,53,68,76,50,63,79
628,106,86,82,96,81,80,85,84,105,98,113,99,78,107
629,96,79,107,113,111,101,106,94,84,83,87,86,97,110
630,54,58,83,73,57,81,46,45,65,61,67,51,67,52
631,80,46,53,56,83,69,59,49,65,70,73,56,47,52
632,30,41,45,44,45,29,47,33,38,38,46,43,31,23
633,25,59,48,60,50,43,36,57,49,54,50,43,30,50
634,52,38,39,38,53,67,48,48,41,55,31,34,46,40
635,58,20,43,32,44,51,24,26,41,30,20,39,26,57
636,13,15,22,47,26,30,40,37,36,40,45,38,26,19
637,81,64,48,73,58,70,87,49,85,87,85,71,67,53
638,52,48,61,80,46,58,67,57,58,75,58,57,41,69
639,85,106,101,104,93,94,82,84,87,96,84,109,103,82
640,65,48,53,42,67,77,37,52,51,45,71,47,71,51
641,50,77,68,70,70,54,63,58,46,77,50,78,67,69
642,57,39,33,57,55,51,46,52,34,42,54,31,55,63
643,57,60,42,61,49,63,74,55,77,71,56,65,63,44
644,47,30,45,41,55,23,51,60,61,22,29,50,38,29
645,72,68,59,79,44,45,66,70,57,77,58,80,44,42
646,18,19,20,51,48,21,53,56,53,39,41,33,21,39
647,89,75,82,79,78,71,67,93,105,105,66,100,83,71
648,38,37,60,66,59,42,65,57,44,42,41,65,30,33
649,63,61,77,55,57,70,68,56,75,78,58,55,62,67
650,92,97,80,107,93,76,102,87,103,75,93,70,100,84
651,17,51,57,55,38,18,29,49,54,50,30,50,31,55
652,106,79,103,71,77,74,98,91,103,100,102,100,72,94
653,62,52,67,67,58,61,67,80,64,85,51,84,48,71
654,40,60,45,32,57,46,56,40,23,42,51,39,55,50
655,28,42,54,23,48,57,22,22,49,54,35,25,35,39
656,21,50,35,35,53,23,32,34,32,50,19,37,37,36
657,94,115,116,110,95,94,117,117,105,108,106,92,84,99
658,60,55,36,29,62,44,31,53,59,33,59,69,60,65
659,68,86,103,77,96,94,79,74,77,74,78,106,100,106
660,106,117,123,95,126,100,124,91,114,112,106,95,111,87
661,93,110,116,112,121,110,114,92,127,88,90,113,99,123
662,43,27,28,55,45,46,29,50,46,32,30,33,34,42
663,88,77,70,83,84,93,70,68,75,85,68,73,81,100
664,109,91,84,107,121,120,99,89,116,103,116,92,106,117
665,95,92,74,91,72,72,96,100,86,75,106,104,96,73
666,74,94,94,86,66,89,69,88,65,67,74,100,93,63
667,64,63,34,42,46,68,58,69,43,44,61,29,42,48
668,106,89,109,94,88,122,100,99,99,85,111,103,104,111
669,48,59,31,44,39,30,37,33,38,64,33,51,65,58
670,106,78,93,90,86,77,114,90,84,94,83,81,106,95
671,77,93,84,83,95,66,87,71,92,70,72,85,97,81
672,54,73,74,54,77,71,43,60,50,44,72,66,55,39
673,76,93,91,76,71,93,69,87,95,71,90,80,103,73
674,45,53,23,48,40,16,52,23,50,20,55,55,34,25
675,90,104,65,96,74,78,68,98,87,65,64,85,75,93
676,110,86,88,117,80,95,119,85,89,88,95,92,88,117
677,82,94,82,55,68,83,61,82,67,89,78,67,55,61
678,43,44,51,65,53,54,47,66,49,67,67,43,68,74
679,69,77,74,82,77,82,99,75,106,76,76,95,92,86
680,48,26,29,48,51,37,22,33,26,16,48,25,20,47
681,91,101,119,122,116,88,96,98,116,88,106,123,108,88
682,73,93,63,69,81,64,88,86,97,88,73,96,68,88
683,54,69,48,61,78,75,64,50,56,59,76,45,54,75
684,91,96,81,108,78,102,105,92,76,110,95,97,112,98
685,32,53,36,63,35,59,62,56,71,40,71,66,55,52
686,110,82,108,108,79,97,101,91,93,98,104,89,103,90
687,98,75,93,61,100,71,81,89,73,100,69,85,98,90
688,53,56,65,74,83,82,61,75,80,52,72,82,78,70
689,101,87,125,104,119,86,116,108,96,90,111,87,123,87
690,78,73,85,89,93,94,93,95,64,94,85,87,85,91
691,88,75,80,85,74,96,91,91,69,83,94,77,106,95
692,116,81,111,98,85,91,80,81,92,100,112,78,94,110
693,47,41,63,44,52,30,38,30,51,24,60,59,58,27
694,56,38,71,35,55,43,73,73,67,61,57,51,47,59
695,101,110,106,93,107,121,124,104,100,117,89,101,105,90
696,65,42,56,34,36,47,64,45,35,34,58,33,27,47
697,17,19,49,52,30,32,48,32,21,44,32,19,52,34
698,51,65,34,27,53,41,47,52,39,58,31,31,35,35
699,47,44,62,39,52,36,39,47,41,38,43,28,55,43
700,40,43,55,23,47,24,43,23,24,45,52,58,46,45
701,43,34,52,44,66,57,61,62,57,50,66,64,47,50
702,87,62,90,59,55,71,67,62,70,83,83,59,65,61
703,26,43,20,41,26,51,20,28,49,34,47,30,42,51
704,71,111,85,73,101,95,108,81,110,100,78,80,78,84
705,128,116,127,93,128,115,132,118,110,101,130,115,125,131
706,76,41,48,70,60,78,75,57,56,48,79,47,55,61
707,65,57,50,68,55,36,71,58,35,60,42,64,42,74
708,91,99,74,106,97,76,79,113,103,92,96,112,75,114
709,100,79,74,99,100,90,80,80,90,90,83,87,76,101
710,95,92,94,91,91,103,120,112,117,81,110,101,119,82
711,67,75,79,48,72,48,67,57,64,56,71,67,77,74
712,78,74,105,97,90,106,89,101,101,70,76,88,71,99
713,84,77,92,77,114,97,82,104,79,107,114,78,112,96
714,91,83,74,75,107,82,97,96,111,78,100,72,89,82
715,79,104,115,108,103,82,99,96,101,104,85,92,117,110
716,118,101,87,98,109,92,97,109,118,106,100,103,88,81
717,23,55,35,32,51,46,47,25,32,51,23,20,55,36
718,43,33,44,46,51,27,45,18,30,48,49,39,49,33
719,81,88,64,88,81,85,88,84,75,86,74,94,76,86
720,54,42,69,76,74,47,73,76,69,66,49,62,42,60
721,45,28,25,31,42,15,47,29,46,27,23,53,44,31
722,62,49,42,34,44,47,32,63,64,62,63,35,30,46
723,35,43,57,47,61,45,36,44,46,51,51,27,47,52
724,116,105,119,90,113,95,94,87,98,90,85,82,105,98
725,88,74,100,90,104,92,111,79,79,78,88,74,99,82
726,86,112,112,84,89,116,89,100,99,108,115,99,113,99
727,91,116,109,125,116,103,122,112,123,113,103,100,109,115
728,46,49,78,53,78,76,48,70,71,69,58,48,61,68
729,118,105,109,116,118,84,93,82,90,103,105,100,86,83
730,60,62,83,82,52,78,72,74,65,82,85,68,62,74
731,61,66,42,80,68,49,53,67,66,71,57,51,68,51
732,56,92,58,64,68,74,87,83,62,89,67,59,61,89
733,29,41,28,41,35,36,53,54,51,34,35,34,31,36
734,98,97,102,92,123,118,108,109,113,88,118,107,116,125
735,31,30,46,45,32,44,65,48,66,65,40,29,63,31
736,67,79,90,79,75,100,96,91,75,64,74,81,86,79
737,71,75,100,95,99,102,80,98,106,106,100,107,99,110
738,48,47,51,48,60,48,59,39,60,38,54,49,37,66
739,76,93,103,110,111,79,94,111,103,96,102,81,95,93
740,98,104,108,97,97,111,119,122,123,111,102,114,128,93
741,93,93,107,83,92,96,107,89,85,74,73,104,97,90
742,53,59,48,55,25,53,48,53,49,49,54,55,32,59
743,32,37,46,21,58,43,25,57,29,55,54,60,35,39
744,91,99,86,74,91,101,84,76,82,81,112,108,102,97
745,56,28,61,55,45,61,63,37,54,49,32,43,31,29
746,92,101,90,91,101,110,98,98,88,92,102,104,77,97
747,100,71,105,83,83,87,106,69,97,68,73,88,73,72
748,53,53,51,47,32,58,66,43,28,62,54,66,36,60
749,57,61,65,39,57,33,53,65,42,62,41,61,49,56
750,115,118,105,122,91,120,119,122,99,98,92,116,109,83
751,25,30,18,37,16,43,33,22,33,37,36,20,24,52
752,72,68,72,74,46,57,49,46,65,65,78,70,41,63
753,87,104,80,82,115,116,91,101,114,117,93,81,102,88
754,56,61,23,32,40,52,51,50,52,23,23,55,33,24
755,84,85,65,63,71,62,92,96,89,99,71,78,76,79
756,90,97,90,84,113,104,107,77,89,115,93,103,107,89
757,91,108,109,74,88,83,102,78,108,97,90,89,95,74
758,47,78,79,69,81,70,61,71,83,46,76,84,70,47
759,45,28,28,25,38,52,51,56,34,32,46,58,56,45
760,31,48,19,27,20,18,19,54,44,53,54,26,34,37
761,55,48,42,73,56,65,43,55,57,51,71,33,43,55
762,81,53,68,77,62,74,80,51,51,48,44,55,43,50
763,29,49,25,41,18,36,29,47,24,51,35,55,37,40
764,76,61,85,60,58,52,52,60,88,54,55,75,73,70
765,97,99,82,100,78,109,72,85,93,80,69,82,71,87
766,58,75,49,76,78,68,78,55,65,65,58,56,59,60
767,97,111,114,113,117,80,114,87,98,120,118,112,113,117
768,43,22,50,50,33,40,38,45,28,19,38,49,39,21
769,93,95,114,90,82,98,91,111,80,80,95,80,81,93
770,57,66,78,62,70,70,68,60,68,84,85,48,75,47
771,95,108,104,92,105,103,80,105,100,106,84,76,94,91
772,102,96,84,122,114,110,117,122,100,111,111,104,109,121
773,111,123,111,98,109,106,90,103,89,96,104,89,92,85
774,86,65,93,104,86,87,96,69,95,84,65,86,87,100
775,98,109,116,94,87,106,83,103,93,99,104,116,102,88
776,99,106,106,108,81,101,72,91,96,71,92,100,106,102
777,45,32,39,67,50,31,43,60,68,67,34,55,69,47
778,60,70,56,38,51,45,69,56,48,69,68,50,42,60
779,28,16,51,34,44,44,31,30,34,22,55,48,54,28
780,81,85,57,79,51,72,49,47,67,75,66,50,53,47
781,95,100,87,86,97,86,107,97,100,93,88,114,121,104
782,103,72,104,112,81,76,95,112,102,101,82,102,112,75
783,64,68,36,57,64,33,65,41,36,45,57,68,66,47
784,102,111,101,96,99,109,94,121,83,103,91,94,121,84
785,43,61,54,59,76,67,71,54,59,70,68,74,56,75
786,94,99,117,91,84,109,119,95,123,103,110,114,121,112
787,100,91,93,89,69,75,72,82,100,68,84,91,86,64
788,69,57,54,71,69,72,69,72,75,65,72,55,65,71
789,73,87,74,68,70,80,74,95,64,66,97,70,76,69
790,66,52,64,68,61,47,71,56,69,48,45,52,60,47
791,85,100,92,82,112,86,108,95,77,88,103,103,111,104
792,61,78,64,45,65,74,68,63,62,51,79,79,69,43
793,81,65,51,55,60,85,80,55,60,58,74,70,76,87
794,58,42,46,22,27,30,32,25,43,24,44,46,52,47
795,51,50,51,70,67,45,71,66,80,59,54,43,64,70
796,65,26,63,61,38,36,48,60,48,28,27,52,64,34
797,95,118,95,119,102,106,84,81,104,108,85,113,88,98
798,60,38,52,52,33,48,31,36,46,60,39,55,50,37
799,117,122,122,113,108,100,121,121,96,123,98,97,127,119
800,40,61,53,59,60,36,43,42,60,24,34,57,56,31
801,49,23,31,44,28,18,19,53,39,47,19,55,57,36
802,119,121,109,122,108,96,120,105,103,130,115,107,115,101
803,24,52,27,25,40,22,41,26,45,20,45,19,53,45
804,70,65,47,81,45,68,51,67,77,54,76,46,80,55
805,28,34,41,30,40,39,41,43,44,23,48,48,47,59
806,100,100,87,86,96,101,98,65,99,76,91,73,79,67
807,109,85,115,114,83,93,76,84,79,114,95,83,107,91
808,88,106,113,88,98,95,114,89,99,109,93,93,96,106
809,65,67,62,77,60,41,66,66,53,65,43,79,75,52
810,50,32,36,36,43,48,45,37,34,35,26,25,48,29
811,80,83,61,56,53,64,62,88,56,49,83,75,58,89
812,36,21,24,31,34,52,16,36,20,47,50,31,41,48
813,100,104,75,99,83,88,108,106,107,75,93,92,111,112
814,82,44,69,75,55,47,78,70,44,47,76,66,49,71
815,52,72,74,68,64,61,76,80,60,61,62,63,50,67
816,79,100,80,85,90,75,83,85,67,84,80,85,95,84
817,53,45,52,45,28,40,31,57,55,50,27,46,51,54
818,45,45,53,49,69,68,39,50,47,42,45,39,44,54
819,60,59,67,66,68,57,70,70,59,72,48,85,45,49
820,105,74,75,82,87,87,102,106,103,73,101,102,99,90
821,72,73,51,39,65,69,64,73,45,71,73,50,40,43
822,58,60,71,57,86,84,66,58,62,84,52,64,51,72
823,73,59,70,84,71,80,70,61,68,84,63,58,90,75
824,48,77,50,46,76,71,52,86,82,74,52,51,76,69
825,52,71,64,51,44,70,44,61,74,64,77,80,59,69
826,71,54,44,38,69,48,51,58,57,39,53,48,35,35
827,57,32,53,34,42,41,59,34,49,25,61,43,26,30
828,81,74,94,102,84,94,76,91,106,90,84,88,84,89
829,61,39,63,30,51,27,42,51,40,64,49,46,39,56
830,110,114,85,113,90,111,96,114,94,100,85,86,99,88
831,29,51,61,44,42,53,49,60,50,42,32,54,56,31
832,48,59,25,38,53,52,30,33,27,33,49,23,41,53
833,99,119,103,110,95,91,120,121,100,90,87,83,118,103
834,62,55,84,84,62,69,46,52,47,82,72,55,82,75
835,58,57,56,45,59,47,45,64,58,64,45,27,52,59
836,91,75,108,84,87,93,79,83,89,90,75,99,76,104
837,47,46,31,57,62,44,37,32,56,34,61,64,52,60
838,43,51,55,26,58,51,27,51,36,40,43,51,37,35
839,91,88,91,66,89,78,100,84,94,74,79,83,69,71
840,104,101,116,111,119,89,98,114,81,86,105,88,105,103
841,118,117,120,117,107,119,107,83,101,112,90,90,119,80
842,69,83,73,73,83,80,64,99,82,67,77,73,70,79
843,88,100,71,64,97,90,68,100,102,77,85,78,87,99
844,74,102,85,75,91,89,94,102,97,97,70,108,85,97
845,66,69,87,78,87,50,69,55,57,55,49,72,80,67
846,78,88,92,72,87,65,67,65,92,99,76,93,93,92
847,60,47,38,56,62,51,42,53,58,53,66,72,63,57
848,95,82,79,100,87,105,103,107,81,117,105,85,86,93
849,28,35,35,48,45,56,40,19,51,59,44,40,52,52
850,90,89,120,99,81,90,100,101,89,107,86,94,89,119
851,73,40,65,49,65,36,59,45,73,55,62,54,66,61
852,70,92,107,93,106,96,96,80,93,96,85,93,109,102
853,103,102,99,90,95,110,115,103,123,87,100,108,114,84
854,92,99,98,101,88,84,97,93,103,85,70,92,91,78
855,75,103,86,104,91,74,78,96,73,93,103,101,94,67
856,75,63,51,78,54,80,84,75,57,48,58,46,48,69
857,64,72,83,57,84,56,87,58,70,48,50,52,79,56
858,55,70,31,43,55,46,37,69,67,69,35,59,68,37
859,42,54,70,46,64,64,59,41,49,55,68,66,69,63
860,72,60,59,48,69,64,78,49,57,47,78,84,60,49
861,117,102,103,84,90,87,100,109,92,106,118,103,112,95
862,76,101,104,107,96,81,81,77,78,115,87,93,75,76
863,45,50,35,62,40,66,42,53,55,38,63,62,48,33
864,68,86,54,86,55,71,82,52,70,82,86,59,60,76
865,92,100,80,96,104,78,102,76,67,72,96,88,70,93
866,74,43,73,58,81,81,49,78,72,59,74,59,75,70
867,85,69,70,80,98,84,96,106,107,86,84,80,70,76
868,63,45,35,60,72,71,63,63,59,36,71,64,37,46
869,53,85,78,83,71,73,69,49,86,79,51,53,71,70
870,65,58,38,46,45,72,78,68,75,52,43,42,39,40
871,100,83,81,116,112,85,117,80,88,91,86,112,107,106
872,24,59,31,30,28,45,51,51,28,30,33,53,43,33
873,50,65,64,36,43,37,62,51,66,31,65,33,32,41
874,55,46,59,57,49,45,66,80,73,50,47,76,56,57
875,17,24,38,43,24,26,31,22,39,45,49,21,16,29
876,22,50,31,46,29,39,57,22,43,32,58,46,44,37
877,95,119,109,85,117,111,114,112,100,102,103,90,115,88
878,92,92,58,73,80,80,54,66,62,63,79,72,83,82
879,62,50,61,38,38,34,34,62,65,39,59,38,67,48
880,72,84,98,99,87,102,69,82,89,88,75,87,84,75
881,104,82,84,98,100,93,90,82,106,107,85,112,101,84
882,79,70,75,64,74,80,44,73,57,54,65,54,58,55
883,49,35,46,62,35,52,37,47,24,35,51,63,36,57
884,42,34,61,57,41,31,55,26,47,54,48,47,24,62
885,98,96,97,108,104,98,116,101,90,101,90,98,96,111
886,56,30,26,54,31,43,63,27,35,63,56,64,30,37
887,108,115,118,99,109,107,113,114,112,102,110,119,122,94
888,42,37,33,50,65,33,42,67,32,50,48,46,32,41
889,94,71,95,90,74,99,81,67,103,73,94,100,100,78
890,90,103,118,94,105,95,108,84,114,103,120,115,91,96
891,78,110,104,97,78,103,102,106,73,109,112,112,87,77
892,51,48,52,26,51,39,59,63,27,28,30,33,37,42
893,119,108,116,116,112,96,98,112,115,110,103,92,101,112
894,67,80,71,86,96,106,75,85,82,83,72,102,103,71
895,69,67,50,70,82,81,80,76,50,64,63,58,57,51
896,47,47,54,53,48,57,53,54,48,60,60,49,75,47
897,89,93,106,101,114,125,125,86,121,106,126,92,106,109
898,90,84,67,68,81,100,84,76,83,104,96,85,67,85
899,64,71,68,55,66,64,72,78,53,53,39,51,47,55
900,69,96,104,74,104,73,100,75,98,107,68,86,77,108
901,23,57,29,51,49,30,33,38,62,26,29,29,59,24
902,100,93,76,99,80,96,110,92,85,101,85,103,74,87
903,115,83,106,96,87,105,86,94,100,94,94,96,118,118
904,60,81,57,68,53,69,59,86,46,82,46,49,69,70
905,71,70,41,62,60,48,67,68,62,80,67,45,47,61
906,47,29,59,46,46,62,63,62,54,35,65,50,50,38
907,83,67,63,69,87,84,53,85,49,54,58,80,82,63
908,82,61,79,86,69,62,62,65,79,77,64,60,89,56
909,114,103,94,114,96,94,112,116,110,110,95,108,104,86
910,37,29,48,36,40,62,64,50,56,29,30,40,45,47
911,100,84,84,103,122,89,96,84,102,85,123,94,98,117
912,36,39,33,64,53,59,50,45,47,52,54,39,51,30
913,64,41,51,48,46,59,64,46,45,60,35,34,64,33
914,64,52,47,71,49,61,63,84,44,48,57,76,81,63
915,81,90,68,66,72,89,94,85,83,79,89,92,96,70
916,102,103,104,82,92,96,89,98,103,105,110,89,79,71
917,76,49,65,62,75,49,70,68,66,65,79,71,53,60
918,67,36,53,60,41,32,57,59,45,36,42,36,60,50
919,74,67,49,84,74,59,67,71,72,84,52,48,54,62
920,46,40,47,48,55,61,36,68,31,31,56,49,32,50
921,29,25,55,55,50,57,53,56,57,24,22,21,28,41
922,41,55,70,48,47,45,47,49,71,47,59,38,48,58
923,67,39,62,59,74,35,40,61,47,72,46,56,34,65
924,24,34,33,40,18,36,40,17,29,31,25,43,50,22
925,57,57,28,31,48,34,62,31,62,35,42,65,31,56
926,92,116,87,98,93,88,94,104,120,91,122,96,121,109
927,114,117,106,103,113,95,84,81,102,80,91,118,119,97
928,75,71,100,75,85,86,99,70,98,94,92,93,75,88
929,104,105,89,89,98,94,116,107,110,91,88,108,93,83
930,61,43,48,48,53,32,36,31,25,29,28,34,28,24
931,29,47,51,44,66,32,48,49,41,37,56,33,39,63
932,75,79,82,70,72,79,74,58,58,89,85,71,64,60
933,61,45,56,53,83,74,44,66,59,52,54,61,49,73
934,100,91,80,77,74,77,84,102,72,75,76,77,102,101
935,94,82,106,104,80,92,100,83,105,100,96,91,91,97
936,117,128,99,97,98,123,106,115,96,119,98,99,105,118
937,44,36,41,46,45,67,68,46,38,67,72,70,69,59
938,58,31,33,51,46,71,35,57,34,39,32,41,45,61
939,57,46,60,60,55,38,31,35,59,51,49,43,46,29
940,52,58,38,47,57,63,48,78,50,60,40,42,64,70
941,52,72,56,79,54,55,47,68,53,75,68,53,80,48
942,55,39,56,35,39,46,64,58,53,46,44,24,61,54
943,58,37,54,28,38,35,58,56,30,67,48,67,63,35
944,92,97,80,111,83,111,101,111,94,78,74,86,76,98
945,35,51,72,35,59,36,35,39,60,65,68,70,48,39
946,88,79,70,68,91,71,90,69,80,80,73,84,87,75
947,75,71,68,47,54,58,80,77,57,45,77,77,67,77
948,53,37,43,56,66,32,46,31,41,32,37,47,31,43
949,41,52,61,75,47,74,65,44,59,38,76,53,47,72
950,41,73,49,41,38,50,55,52,42,45,47,44,73,64
951,39,49,37,47,35,29,33,45,62,47,28,56,39,45
952,47,34,37,47,40,43,37,45,51,37,38,56,53,47
953,52,49,63,54,59,40,75,51,62,72,39,69,75,66
954,37,50,40,41,56,39,18,44,20,24,50,29,32,38
955,67,61,76,82,59,62,59,83,71,72,58,79,63,76
956,42,74,77,70,47,65,52,51,45,73,56,66,46,71
957,89,69,100,98,80,79,82,102,65,101,97,100,68,89
958,56,42,26,27,42,55,31,22,52,50,60,36,31,41
959,48,40,48,39,59,35,40,24,57,34,40,50,57,50
960,36,36,38,44,40,21,44,46,35,51,36,43,56,26
961,117,80,80,94,92,79,92,92,93,78,104,96,89,111
962,63,53,79,46,57,72,72,70,41,58,61,74,61,80
963,53,65,70,81,64,70,59,54,52,54,56,46,53,60
964,38,37,61,41,59,52,67,65,54,69,39,33,50,32
965,103,104,102,114,82,116,114,96,98,82,86,97,96,112
966,36,59,34,42,57,28,24,40,49,53,42,38,26,33
967,27,64,28,57,59,40,30,28,61,59,51,28,64,28
968,51,83,56,67,49,52,80,75,61,66,58,58,51,82
969,96,118,105,102,119,113,99,124,110,100,127,104,116,110
970,67,83,69,69,89,76,76,82,77,61,66,70,65,60
971,86,65,101,71,90,100,61,69,75,95,70,74,61,73
972,127,117,125,123,97,90,91,102,113,95,120,125,96,112
973,44,71,65,64,73,73,54,65,42,56,52,70,65,47
974,55,41,58,25,45,39,44,28,38,26,38,37,35,25
975,111,76,96,104,106,76,107,105,89,88,109,86,83,107
976,33,58,32,42,35,26,65,27,29,37,40,52,50,29
977,55,61,49,36,44,32,55,67,39,38,39,33,48,37
978,47,52,46,69,54,85,75,80,53,75,53,75,84,71
979,93,100,102,96,98,88,71,70,91,96,77,77,64,73
980,78,83,83,78,93,101,92,97,109,91,83,106,102,106
981,111,94,117,78,115,87,89,93,96,82,102,90,114,108
982,84,85,67,95,69,65,98,64,94,72,73,73,67,92
983,46,42,30,38,21,45,32,53,48,49,55,48,45,48
984,81,91,85,105,104,90,90,88,98,108,114,82,109,87
985,82,60,77,74,53,56,47,85,76,56,51,59,60,62
986,37,27,42,33,55,37,23,54,40,35,58,51,59,50
987,67,55,86,65,57,77,80,85,80,81,64,76,63,52
988,96,100,86,94,104,88,81,79,70,72,74,71,90,100
989,81,68,63,74,66,50,47,82,79,68,56,74,44,78
990,100,87,93,101,89,84,86,77,91,108,88,76,83,83
991,51,40,74,42,51,56,67,52,54,67,77,56,61,67
992,31,47,31,33,55,45,50,38,47,24,56,28,53,62
993,45,51,41,47,58,48,52,38,68,32,32,29,42,52
994,76,59,92,68,72,62,77,83,63,74,90,94,78,89
995,72,58,48,76,72,53,59,67,76,71,41,59,41,39
996,34,52,37,66,65,34,67,62,32,69,59,42,30,57
997,24,27,27,31,55,52,41,52,38,31,25,48,50,56
998,67,47,51,76,62,57,57,43,52,47,65,73,56,53
999,84,113,101,106,77,114,87,106,104,99,106,95,84,106
1000,96,128,128,96,129,123,131,100,96,105,117,92,108,109
1001,52,73,56,70,63,51,60,60,66,85,76,81,66,82
1002,29,37,32,45,58,58,52,55,60,44,30,35,34,46
1003,46,69,43,41,71,64,61,42,76,81,79,80,55,69
1004,43,22,45,30,24,27,36,22,32,41,41,47,38,33
1005,45,51,38,23,37,40,23,46,48,26,49,29,54,46
1006,73,68,96,98,68,99,91,72,88,90,93,83,83,85
1007,69,32,36,47,39,57,30,32,33,47,67,65,41,34
1008,61,54,66,87,57,64,72,83,86,68,81,59,58,76
1009,60,73,70,55,68,74,76,82,61,62,69,78,78,65
1010,55,64,32,49,52,56,53,60,49,42,32,59,58,30
1011,28,40,38,50,53,40,49,41,45,35,16,47,52,40
1012,42,32,67,52,62,52,32,55,40,31,62,63,48,51
1013,34,30,53,36,58,18,52,32,24,49,22,58,43,56
1014,70,53,67,50,46,62,37,44,56,60,54,41,51,48
1015,34,62,48,42,67,58,58,69,39,62,60,62,66,39
1016,81,57,68,61,50,49,76,70,60,85,86,52,64,61
1017,74,72,76,105,94,79,97,79,97,71,97,74,90,77
1018,102,82,106,90,79,93,85,87,92,101,99,79,85,106
1019,104,85,90,81,94,112,104,103,95,87,85,110,104,93
1020,84,55,63,49,83,70,49,57,53,78,62,67,73,80
1021,62,49,34,64,38,35,73,50,48,40,51,40,69,41
1022,52,78,43,52,75,67,67,75,48,43,70,68,53,46
1023,98,119,105,82,97,117,86,96,90,110,114,96,113,115
1024,84,52,75,57,59,75,48,46,73,60,75,81,75,49
1025,94,83,66,92,89,87,83,97,66,95,75,85,96,72
1026,53,68,73,61,53,58,44,45,58,40,46,53,64,39
1027,75,74,56,61,72,48,43,59,54,59,53,67,41,48
1028,45,73,62,78,69,60,45,67,81,65,55,76,81,56
1029,42,40,63,47,29,53,35,66,57,51,46,61,52,42
1030,91,90,112,105,115,109,102,103,97,95,116,100,104,101
1031,71,63,79,63,57,47,76,46,73,60,50,47,77,71
1032,98,110,117,118,101,103,98,105,109,121,87,108,127,88
1033,103,111,120,92,115,85,105,110,89,109,98,105,125,123
1034,88,109,82,85,104,113,87,102,99,116,109,86,78,110
1035,99,82,107,105,95,121,116,95,92,85,100,120,105,94
1036,34,45,48,52,39,48,58,59,25,57,31,25,51,40
1037,81,105,105,99,79,99,105,82,101,84,109,116,110,84
1038,59,73,69,52,45,48,75,82,73,48,70,68,55,79
1039,88,80,97,103,99,103,101,88,90,76,75,94,99,98
1040,54,54,61,55,50,39,50,50,26,55,63,34,28,37
1041,78,80,77,106,98,77,80,74,80,91,81,87,85,90
1042,68,90,77,78,73,71,78,89,93,72,76,93,70,91
1043,90,80,105,113,86,87,115,97,87,105,87,118,88,89
1044,114,91,101,101,106,94,100,105,105,83,107,78,114,89
1045,74,70,48,68,44,66,76,56,50,46,63,61,61,66
1046,45,26,25,33,22,49,45,26,33,44,24,28,26,61
1047,30,54,61,34,32,30,45,55,29,47,49,38,54,53
1048,55,81,79,64,84,64,76,56,49,64,50,71,72,88
1049,104,109,74,109,83,100,105,98,103,105,77,73,111,82
1050,26,16,20,51,36,34,53,16,46,53,21,48,33,30
1051,123,84,99,100,95,98,115,92,106,101,107,123,100,91
1052,79,97,91,85,90,106,76,98,91,83,75,96,94,71
1053,69,71,38,65,51,47,53,59,69,44,57,51,68,54
1054,24,35,62,27,28,29,50,35,52,24,35,35,47,28
1055,45,58,36,38,26,51,37,53,49,49,50,35,27,51
1056,103,98,87,87,82,97,83,93,79,94,87,90,82,83
1057,54,52,36,37,56,57,72,36,62,59,38,58,49,36
1058,53,41,42,44,45,35,25,35,50,54,23,36,51,20
1059,45,60,63,69,60,60,75,42,50,51,62,51,37,43
1060,29,30,45,32,57,42,26,34,36,48,55,27,29,56
1061,100,91,119,85,90,113,102,89,102,90,109,108,91,104
1062,118,113,93,105,85,96,85,107,99,102,96,112,113,108
1063,85,104,95,106,92,76,82,77,71,105,69,77,107,106
1064,84,66,48,66,76,63,80,80,45,80,51,81,63,67
1065,50,39,52,34,32,20,45,17,57,51,21,23,21,20
1066,110,90,86,118,104,104,89,112,86,115,90,92,82,114
1067,51,39,39,56,50,24,35,61,36,23,41,31,37,28
1068,75,82,84,87,75,60,81,98,89,73,98,77,83,66
1069,76,97,93,104,99,80,67,73,106,74,74,89,82,98
1070,71,44,54,66,64,57,72,55,70,68,48,62,65,59
1071,32,28,37,27,55,35,50,38,49,25,54,57,42,40
1072,70,67,51,65,46,79,61,49,55,58,74,57,75,77
1073,52,52,56,39,48,54,35,69,49,65,39,54,60,43
1074,64,54,25,48,32,29,38,25,36,52,56,45,63,63
1075,69,60,97,79,61,69,87,72,63,85,95,90,85,69
1076,51,56,34,57,55,38,33,58,42,65,59,48,58,52
1077,115,95,102,105,102,80,101,106,86,110,112,89,90,113
1078,57,47,50,28,22,53,48,37,33,41,56,26,44,51
1079,86,82,91,93,85,86,121,106,103,119,94,111,90,103
1080,83,79,66,90,81,78,101,66,103,78,69,93,92,82
1081,29,21,21,40,51,26,27,24,47,34,40,43,43,29
1082,75,71,58,52,55,67,50,61,73,52,73,58,68,68
1083,30,23,22,30,24,26,22,57,44,22,31,46,49,52
1084,88,107,105,94,99,97,86,106,79,96,85,108,93,117
1085,82,96,101,91,117,120,108,104,95,108,84,92,97,107
1086,45,58,48,37,52,49,59,43,44,69,47,73,54,64
1087,95,85,99,78,81,94,113,92,74,97,105,92,83,93
1088,80,57,82,63,69,72,56,82,90,81,85,66,56,68
1089,97,113,90,126,123,128,112,104,102,99,110,107,105,92
1090,48,47,68,60,48,48,52,72,77,44,46,81,41,76
1091,73,82,69,57,62,87,60,50,72,83,68,77,74,66
1092,83,93,113,101,109,112,94,102,79,90,96,83,97,113
1093,37,64,35,66,59,53,35,44,29,47,40,32,58,51
1094,120,88,119,92,102,113,119,82,114,104,108,109,95,120
1095,34,34,58,43,51,48,52,42,38,53,65,34,27,47
1096,47,49,60,51,71,32,43,68,50,56,37,69,51,49
1097,94,120,93,101,91,97,117,95,100,98,92,93,99,109
1098,36,27,38,54,14,27,36,15,31,28,41,23,27,31
1099,55,46,49,58,64,54,68,43,56,42,71,40,43,67
1100,58,59,69,59,52,46,70,77,50,83,65,51,54,47
1101,115,100,117,85,85,113,106,115,98,99,111,116,103,115
1102,117,112,118,103,85,106,85,86,93,111,98,117,87,114
1103,61,50,25,48,23,44,28,55,55,32,41,48,42,40
1104,99,105,106,100,104,101,77,107,93,108,77,110,82,102
1105,61,40,46,54,27,58,57,36,45,56,44,60,42,64
1106,40,15,37,32,18,30,27,51,21,20,15,31,55,35
1107,31,52,53,60,44,35,35,42,50,61,63,61,51,59
1108,114,106,108,135,98,108,122,114,116,100,137,120,97,133
1109,95,95,105,120,107,88,88,114,116,95,94,115,95,97
1110,54,52,54,48,51,61,74,55,46,39,72,38,67,73
1111,52,76,55,67,50,49,85,68,76,61,52,66,53,78
1112,114,104,103,113,95,98,105,103,116,113,104,89,97,96
1113,64,58,56,71,71,73,52,84,58,67,74,54,53,66
1114,29,42,57,60,56,60,44,58,45,46,48,37,60,59
1115,105,101,104,119,105,113,109,90,99,119,95,96,108,89
1116,76,51,80,56,50,53,58,62,59,74,80,52,64,67
1117,82,103,75,75,102,109,110,72,109,78,84,89,94,103
1118,114,118,102,115,120,126,100,94,90,110,128,115,106,94
1119,43,59,39,65,68,72,77,58,72,65,79,60,53,66
1120,112,120,106,111,93,112,93,110,112,106,120,113,90,120
1121,125,87,85,95,87,111,97,89,86,107,111,98,110,112
1122,55,28,31,46,52,38,39,25,35,60,32,57,57,53
1123,96,89,103,93,90,93,93,88,89,88,103,101,90,107
1124,84,79,61,66,56,64,75,53,88,85,91,69,60,84
1125,101,95,86,101,94,106,99,109,100,111,87,98,80,89
1126,106,121,110,95,117,117,95,107,106,115,108,120,120,125
1127,95,84,101,95,85,86,96,121,103,86,85,83,118,90
1128,86,120,86,121,113,107,98,104,112,105,105,117,120,105
1129,125,98,103,108,119,112,103,123,92,116,100,105,93,108
1130,51,58,47,35,39,53,28,51,31,37,46,55,54,29
1131,52,51,63,66,77,62,76,48,75,64,67,74,65,43
1132,38,70,72,48,62,55,53,52,54,64,54,45,36,39
1133,62,59,48,39,52,33,62,62,39,42,61,44,60,27
1134,94,96,127,109,112,88,121,113,88,98,98,107,107,113
1135,118,108,88,107,85,92,120,97,110,103,98,99,106,112
1136,58,38,62,57,57,69,41,46,62,69,58,43,31,67
1137,62,69,75,71,43,43,61,74,56,43,77,79,64,70
1138,51,43,69,45,59,58,62,41,38,38,44,67,47,44
1139,86,94,106,94,115,112,90,77,77,107,111,81,112,83
1140,46,62,48,55,46,76,58,67,75,49,79,83,69,56
1141,52,31,52,56,58,19,32,34,52,49,31,20,59,42
1142,61,80,57,61,81,60,59,50,81,60,67,71,49,79
1143,60,54,64,61,48,53,56,51,60,39,50,29,50,38
1144,95,83,90,97,92,78,92,95,68,84,82,81,75,89
1145,43,65,46,65,38,62,46,62,53,54,53,44,47,42
1146,85,95,71,99,97,86,96,102,103,69,69,101,102,93
1147,48,33,69,53,61,62,61,44,40,62,49,31,34,36
1148,58,53,39,31,59,59,44,64,66,44,59,43,50,40
1149,58,45,34,52,33,54,38,63,66,50,47,55,29,51
1150,96,93,99,73,83,108,102,105,84,78,96,92,72,110
1151,100,98,99,114,93,98,79,94,99,116,89,106,90,116
1152,45,60,42,36,40,64,63,47,76,68,43,43,72,58
1153,80,86,103,102,94,119,119,84,104,79,89,103,102,83
1154,52,51,53,65,52,55,33,43,46,44,54,55,57,49
1155,57,73,49,65,44,73,44,75,70,73,50,51,43,76
1156,84,86,90,92,106,88,95,103,105,103,75,101,75,89
1157,44,35,65,66,54,51,43,43,60,52,47,46,63,37
1158,57,50,66,48,60,59,36,65,57,59,68,44,62,33
1159,56,58,40,60,77,46,41,65,79,44,69,40,58,40
1160,58,87,72,58,86,75,90,70,70,59,58,71,58,80
1161,87,88,79,89,87,84,78,114,112,87,113,84,117,86
1162,36,66,43,42,61,63,70,38,68,65,51,56,54,58
1163,55,71,50,68,54,70,60,50,60,85,75,65,72,62
1164,87,71,67,94,105,81,106,96,98,88,68,102,68,83
1165,102,117,85,84,100,107,82,81,105,84,101,101,108,93
1166,114,112,86,97,118,114,95,119,119,86,87,81,115,107
1167,95,68,91,98,92,73,103,68,101,103,106,101,75,69
1168,88,90,85,75,70,75,99,66,70,105,81,104,68,93
1169,52,41,44,47,61,78,58,64,48,57,66,70,77,75
1170,62,42,75,53,72,57,78,53,68,60,66,75,75,78
1171,102,105,91,102,111,112,107,108,91,97,102,96,124,119
1172,114,109,127,94,123,104,117,101,117,130,109,105,101,110
1173,80,97,65,98,72,68,70,65,74,105,83,105,83,78
1174,54,49,33,55,57,46,32,50,57,24,59,31,48,52
1175,53,63,55,45,31,63,34,48,27,45,54,37,29,46
1176,65,67,87,85,90,94,82,62,102,94,81,80,66,72
1177,45,56,47,39,51,56,47,50,75,58,67,37,66,58
1178,40,53,54,39,54,43,27,55,37,45,22,49,38,24
1179,36,58,35,56,41,28,44,33,47,49,49,46,56,42
1180,63,65,66,91,85,78,67,75,92,67,94,63,69,94
1181,107,112,92,94,93,120,85,94,111,114,93,113,119,107
1182,46,45,68,60,40,59,33,46,35,40,67,63,47,43
1183,76,69,83,62,66,71,58,83,70,56,75,79,49,44
1184,31,44,37,62,59,56,46,30,46,51,25,60,40,32
1185,52,43,41,50,56,23,18,38,38,49,20,40,49,38
1186,63,44,52,47,50,41,28,35,42,58,37,53,26,50
1187,95,106,113,99,86,91,105,88,113,89,115,89,111,86
1188,49,24,29,37,52,36,52,26,50,59,25,57,36,37
1189,57,28,44,50,40,58,33,43,28,32,54,36,31,27
1190,115,112,80,111,80,89,107,101,102,106,81,99,116,84
1191,48,55,53,63,56,62,65,73,53,39,75,49,65,41
1192,117,119,90,103,126,92,108,110,105,109,113,91,105,108
1193,29,30,44,38,40,41,31,35,36,60,52,64,51,66
1194,69,73,76,63,68,48,70,66,44,76,61,49,59,58
1195,117,126,89,92,99,110,126,90,121,125,119,127,91,124
1196,93,92,91,98,88,90,68,67,98,98,102,75,81,76
1197,113,115,103,112,82,82,100,98,111,95,118,121,107,89
1198,91,122,103,105,96,109,125,107,97,122,119,94,99,89
1199,65,72,69,70,61,67,89,57,88,67,79,72,94,92
1200,63,88,77,85,84,51,71,87,64,51,82,52,53,68
1201,47,64,33,47,37,27,65,48,40,63,37,42,54,36
1202,108,90,96,82,80,81,90,89,89,80,82,107,76,90
1203,77,105,104,87,70,97,71,102,67,98,69,71,94,90
1204,82,99,91,100,67,61,73,91,69,71,91,78,71,98
1205,37,64,36,45,50,33,24,53,38,24,49,61,37,35
1206,59,62,66,68,61,73,74,69,40,42,49,73,40,55
1207,88,91,86,94,116,113,112,101,112,116,118,103,101,122
1208,80,69,72,78,70,88,78,97,64,90,67,69,78,68
1209,77,74,81,67,70,69,65,80,71,62,77,75,72,73
1210,87,87,109,122,97,120,97,109,93,95,104,94,123,124
1211,114,74,75,78,111,111,108,112,75,103,87,106,85,84
1212,48,48,72,49,50,68,73,40,64,56,67,47,54,65
1213,110,84,92,114,104,89,87,108,75,106,114,99,96,110
1214,44,26,41,25,37,59,30,48,58,37,51,36,27,27
1215,73,87,50,73,81,89,62,86,57,69,64,65,85,53
1216,33,40,42,39,47,70,47,56,58,59,69,53,41,41
1217,116,112,122,110,120,96,83,106,122,93,92,108,108,100
1218,80,81,77,53,77,79,84,76,86,65,70,62,68,65
1219,98,106,105,105,107,114,99,116,96,111,103,100,109,102
1220,42,50,47,55,54,36,22,44,41,56,33,55,27,51
1221,56,37,43,51,63,28,37,45,34,39,42,48,48,63
1222,32,36,59,55,42,28,43,30,62,32,43,67,67,60
1223,67,31,54,41,33,54,52,67,33,69,57,57,43,61
1224,120,126,86,94,101,114,125,95,118,120,123,109,115,107
1225,58,34,43,26,39,52,45,49,22,54,47,30,38,32
1226,81,67,100,88,70,98,75,99,102,67,66,81,96,101
1227,66,40,34,67,61,67,47,43,34,38,56,55,51,35
1228,60,90,97,85,61,58,64,66,73,86,77,90,74,62
1229,36,29,24,47,37,36,45,46,34,44,24,53,54,28
1230,41,39,36,51,51,56,46,29,39,47,48,43,65,32
1231,81,101,103,105,95,100,84,85,84,93,92,86,87,81
1232,43,50,56,51,30,44,40,64,48,35,52,36,68,31
1233,85,96,107,114,100,93,117,108,110,102,112,96,111,84
1234,97,79,74,72,84,74,73,84,102,104,100,93,106,74
1235,46,31,27,40,28,61,50,36,26,56,54,64,64,43
1236,58,43,56,60,35,57,69,44,54,40,43,45,46,51
1237,104,107,118,95,89,105,121,89,123,97,106,90,107,104
1238,43,45,51,79,49,75,50,80,50,52,55,52,43,61
1239,70,67,76,75,69,76,87,56,62,84,60,56,74,78
1240,43,33,15,28,40,38,40,24,50,23,34,53,37,47
1241,69,32,56,45,55,49,62,37,37,41,50,57,43,46
1242,84,100,74,76,70,107,79,98,106,75,108,86,77,99
1243,57,40,63,31,45,51,40,42,30,38,40,42,45,30
1244,90,116,118,117,86,85,87,95,97,92,119,114,116,83
1245,43,82,65,71,55,58,77,51,44,73,78,55,63,66
1246,52,57,50,53,61,53,76,44,67,60,75,76,82,81
1247,56,38,36,33,63,55,42,66,39,63,36,62,68,66
1248,42,26,49,26,65,52,44,30,32,62,65,65,48,38
1249,109,102,119,118,101,104,114,96,100,100,91,94,93,86
1250,45,81,60,47,79,62,77,76,45,75,80,78,46,82
1251,38,63,43,42,40,48,33,63,38,63,25,45,39,48
1252,114,93,98,128,104,121,101,88,115,92,97,125,97,117
1253,55,78,45,73,73,79,73,61,49,78,44,46,64,64
1254,58,78,73,63,60,77,70,72,72,76,61,43,71,73
1255,108,89,99,84,97,106,106,94,89,111,104,85,97,100
1256,83,74,67,75,63,65,74,65,57,73,51,59,81,68
1257,73,70,74,75,67,89,100,93,70,95,103,72,66,99
1258,73,79,55,69,73,54,82,51,77,80,54,51,50,54
1259,45,47,61,45,71,64,70,52,42,46,39,44,76,58
1260,55,41,32,41,45,41,39,65,36,41,40,68,39,64
1261,56,55,73,51,50,75,48,69,45,47,69,51,43,70
1262,109,98,90,118,105,94,107,109,105,114,92,99,115,98
1263,91,101,90,76,70,84,108,77,76,77,104,94,106,98
1264,91,73,78,72,99,100,97,109,92,83,100,104,95,105
1265,34,25,26,33,31,47,59,55,22,39,44,37,38,56
1266,55,41,37,51,39,50,25,27,61,40,57,34,35,45
1267,70,45,75,48,67,74,76,51,83,52,47,46,46,75
1268,68,72,61,59,58,72,61,80,92,84,72,80,67,86
1269,62,57,80,67,72,77,86,85,62,63,55,53,78,74
1270,89,90,91,113,104,86,96,108,80,88,97,111,98,101
1271,75,83,101,88,70,97,102,95,93,79,101,86,104,81
1272,55,54,29,49,52,36,50,28,30,47,24,46,48,56
1273,91,84,90,88,94,79,109,113,88,111,114,85,106,108
1274,22,60,44,53,41,48,51,21,53,49,26,55,32,31
1275,118,107,90,84,95,100,89,110,86,85,98,83,113,115
1276,54,32,32,33,62,53,37,58,42,44,34,38,60,28
1277,94,107,102,87,92,100,115,91,104,112,101,122,113,94
1278,26,45,22,28,51,30,36,47,55,49,49,29,21,54
1279,45,76,51,46,62,78,79,59,60,69,55,49,67,63
1280,32,34,45,51,58,49,55,36,63,43,42,32,58,39
1281,85,111,108,83,118,86,97,110,112,82,83,91,107,89
1282,108,113,80,81,78,110,78,104,115,100,115,79,116,100
1283,96,74,95,102,88,67,74,96,67,69,86,65,71,102
1284,117,110,84,87,91,119,100,92,86,85,112,88,93,86
1285,38,69,46,64,52,40,50,72,46,68,65,74,59,44
1286,68,65,75,43,49,71,72,78,42,45,80,61,47,61
1287,63,33,62,42,65,60,26,38,35,41,29,33,47,57
1288,93,101,106,102,105,102,75,73,111,108,93,98,91,82
1289,59,69,68,65,63,70,51,65,48,81,52,73,47,64
1290,84,54,82,72,84,56,61,71,73,77,57,74,83,81
1291,130,98,96,110,126,125,132,105,104,120,106,127,93,123
1292,76,100,79,84,106,97,100,85,108,114,75,90,76,104
1293,90,83,97,75,84,80,102,101,78,91,102,92,85,75
1294,70,73,75,73,85,94,98,94,100,100,77,108,106,90
1295,57,74,69,56,76,50,67,79,76,73,44,40,64,43
1296,92,88,107,102,87,78,103,110,101,94,102,95,77,85
1297,109,79,97,108,98,113,75,104,86,77,95,107,93,98
1298,34,47,64,52,36,39,53,64,36,59,43,35,43,69
1299,85,95,111,108,112,116,99,118,87,82,99,81,108,82
1300,53,52,61,25,45,53,53,36,45,23,38,34,53,56
1301,116,89,113,105,104,77,113,110,80,98,93,105,80,115
1302,110,93,88,81,86,101,82,110,83,96,89,94,101,99
1303,65,84,67,76,89,75,76,60,72,52,77,71,65,53
1304,97,85,104,89,83,79,88,75,94,80,80,76,109,70
1305,55,55,30,20,37,40,28,41,19,18,53,20,53,21
1306,80,79,96,94,86,78,102,85,70,88,68,86,76,82
1307,36,66,29,62,43,41,58,66,53,34,61,39,50,38
1308,51,45,39,62,29,62,58,39,35,45,54,49,63,58
1309,83,60,69,80,93,69,82,93,66,91,71,72,72,79
1310,85,83,90,83,94,95,80,71,96,61,65,98,66,74
1311,111,116,122,130,103,98,111,112,117,121,98,121,98,130
1312,108,86,76,75,75,102,113,112,110,87,90,95,91,105
1313,87,113,112,124,127,107,113,110,102,124,104,96,89,101
1314,83,110,91,114,106,113,101,112,85,115,104,108,84,84
1315,109,95,89,117,116,83,115,78,80,80,103,99,103,100
1316,64,73,70,68,59,88,61,56,76,86,80,64,81,76
1317,83,85,78,92,78,96,74,89,90,81,82,64,85,86
1318,53,78,77,65,60,70,70,63,80,78,56,66,89,68
1319,106,78,75,73,98,80,86,74,78,92,107,102,100,110
1320,52,77,79,70,70,49,53,70,51,44,53,82,77,75
1321,65,62,83,55,84,63,52,65,49,89,82,68,65,56
1322,133,124,137,108,118,116,101,126,99,131,126,105,116,99
1323,33,24,37,52,35,47,43,47,33,21,27,45,41,39
1324,87,108,89,76,93,97,79,85,100,81,95,74,107,76
1325,89,61,93,77,73,71,70,80,73,82,95,61,66,74
1326,68,84,78,72,64,58,87,51,57,54,76,50,73,69
1327,81,77,102,82,105,71,98,85,69,91,102,77,96,95
1328,49,50,53,55,76,72,58,59,62,65,71,58,52,57
1329,83,61,51,62,85,71,73,71,68,71,74,49,84,85
1330,99,96,83,81,110,85,83,88,102,101,85,109,104,88
1331,37,47,52,42,47,59,51,48,63,38,67,54,39,66
1332,96,101,119,115,96,93,91,112,98,123,128,99,106,95
1333,24,28,44,46,30,36,49,47,56,30,27,56,32,42
1334,78,79,79,60,60,70,62,56,66,53,51,65,86,58
1335,105,102,79,100,104,104,77,95,99,98,81,80,102,90
1336,60,60,64,49,42,73,41,57,55,40,71,60,56,67
1337,79,65,87,69,77,85,62,82,65,56,72,77,76,78
1338,101,102,107,88,95,87,93,117,91,111,106,77,82,82
1339,84,103,83,101,108,84,93,116,92,116,95,102,88,90
1340,47,67,75,64,70,55,70,67,76,49,48,62,76,71
1341,51,35,39,40,51,41,24,55,32,25,26,27,34,23
1342,70,76,39,65,42,57,71,69,73,39,49,61,37,60
1343,77,62,81,60,61,84,94,61,60,76,73,76,57,65
1344,72,64,43,52,55,63,50,71,64,44,70,59,41,50
1345,39,58,58,47,57,37,52,33,30,22,37,49,50,31
1346,70,84,104,82,78,104,90,82,91,74,75,85,79,80
1347,90,101,80,81,83,94,104,80,102,108,108,90,105,102
1348,94,86,97,118,83,86,84,87,115,81,91,113,105,115
1349,90,103,85,123,85,119,107,89,88,122,101,107,90,117
1350,96,117,122,126,94,120,101,109,104,95,113,114,97,108
1351,56,56,37,40,55,47,46,65,32,29,33,43,62,54
1352,97,82,97,113,112,109,91,94,95,102,89,80,95,97
1353,57,55,63,38,61,34,27,32,31,55,49,64,39,53
1354,50,39,48,65,48,65,42,47,66,28,35,43,32,43
1355,95,78,80,111,82,103,91,110,86,81,115,76,93,82
1356,109,85,109,104,114,121,90,122,121,101,112,87,96,103
1357,98,78,92,86,99,81,93,93,73,94,78,85,74,107
1358,100,77,113,82,93,81,97,96,110,75,87,73,110,78
1359,107,105,102,99,93,122,115,110,105,94,115,88,115,88
1360,46,55,52,56,51,68,55,71,73,51,54,73,82,73
1361,87,63,67,52,72,63,78,83,59,65,87,53,49,49
1362,83,88,108,111,84,86,109,98,90,122,103,112,112,98
1363,113,116,101,104,126,119,110,116,119,111,98,125,100,96
1364,123,96,108,111,104,129,105,125,102,103,129,110,98,116
1365,78,109,89,89,103,85,80,96,77,77,93,108,101,110
1366,84,69,73,67,75,52,76,55,73,71,48,83,56,64
1367,75,93,62,70,83,83,95,99,87,63,98,61,91,94
1368,39,45,51,25,53,49,35,55,64,39,27,62,24,32
1369,119,88,92,125,106,109,91,124,90,109,112,95,105,110
1370,17,44,55,25,42,19,51,26,47,20,26,36,51,25
1371,71,88,80,86,80,106,90,81,82,86,109,85,100,71
1372,39,48,34,28,35,27,52,52,52,29,63,32,39,38
1373,108,78,89,110,107,109,101,104,93,76,73,109,96,107
1374,51,53,49,35,66,62,32,37,33,51,60,34,65,43
1375,27,40,26,41,32,32,48,53,36,34,56,36,39,51
1376,95,98,98,113,113,101,116,113,92,105,122,101,97,102
1377,124,85,117,92,100,87,117,103,102,113,123,97,108,101
1378,42,43,50,32,60,41,49,61,43,51,59,43,33,66
1379,80,72,54,58,65,65,61,78,77,44,40,44,42,55
1380,58,64,61,45,73,50,54,62,53,57,67,51,79,61
1381,49,68,80,69,66,81,68,67,64,68,80,74,52,67
1382,77,67,56,75,67,87,89,49,78,81,63,84,67,52
1383,58,41,54,48,29,45,36,39,25,38,50,57,31,53
1384,62,39,56,72,50,68,55,52,77,58,65,43,76,68
1385,32,32,45,54,70,64,71,43,67,61,63,40,61,46
1386,42,42,39,66,67,69,68,74,43,68,54,59,40,43
1387,36,66,39,54,53,40,72,61,70,36,63,69,59,34
1388,116,112,90,92,109,121,109,89,108,107,105,122,90,82
1389,106,114,111,94,98,91,92,116,106,116,97,105,92,113
1390,44,51,44,69,33,49,48,34,56,46,34,31,43,69
1391,31,38,32,27,39,16,25,48,36,46,31,50,54,37
1392,35,64,57,44,59,31,57,32,67,33,62,28,38,33
1393,118,119,129,118,101,124,103,107,119,121,89,111,106,102
1394,47,68,52,64,73,35,65,43,41,74,35,47,60,56
1395,118,93,117,91,102,124,112,85,96,124,115,86,88,100
1396,71,91,88,66,87,78,94,97,68,90,70,65,90,67
1397,74,76,98,107,82,102,72,105,107,68,101,68,94,82
1398,122,122,97,91,118,128,127,95,125,110,128,102,92,109
1399,77,89,88,95,81,59,89,59,76,88,90,94,77,95
1400,38,36,44,55,31,54,41,53,31,50,61,42,40,35
1401,106,108,83,107,84,93,98,108,96,123,112,85,112,84
1402,57,36,58,41,30,59,32,31,42,29,23,48,57,24
1403,95,76,82,88,93,63,65,88,82,102,72,101,78,84
1404,37,46,34,66,59,37,45,46,44,51,55,41,57,38
1405,42,39,47,41,53,50,49,68,61,56,66,38,52,58
1406,72,69,86,68,63,72,50,55,85,74,68,78,49,81
1407,25,45,28,42,41,29,30,48,47,47,63,41,62,30
1408,31,57,40,56,37,55,60,30,30,34,41,54,47,30
1409,82,78,84,102,95,102,102,111,100,92,94,86,111,105
1410,121,124,121,108,109,129,107,126,114,89,120,96,121,101
1411,95,106,119,89,108,112,96,120,114,115,107,97,120,85
1412,100,118,95,117,96,113,86,108,98,101,88,117,121,95
1413,53,59,56,35,48,54,56,34,38,39,55,39,32,32
1414,69,73,57,50,71,43,72,48,44,70,51,39,42,53
1415,48,61,53,36,55,64,35,45,50,59,63,34,65,56
1416,65,32,53,35,60,60,55,66,36,57,47,67,67,50
1417,75,101,102,71,102,83,105,91,82,87,67,97,68,91
1418,61,49,24,46,57,55,28,28,45,44,63,48,28,56
1419,60,59,61,56,43,26,48,35,42,49,61,54,51,61
1420,78,60,71,77,49,59,79,75,80,86,83,52,67,48
1421,88,106,125,87,108,113,118,91,111,117,101,111,95,111
1422,79,67,80,68,58,86,81,68,77,51,74,81,79,78
1423,92,87,101,104,83,74,103,81,94,100,104,91,99,86
1424,90,106,95,90,111,85,112,79,118,92,114,89,96,110
1425,75,62,79,81,66,59,58,78,73,55,54,47,51,57
1426,54,50,62,72,42,48,61,82,64,64,43,55,51,47
1427,70,60,51,71,50,51,80,42,77,78,66,80,72,79
1428,114,118,96,114,96,115,83,97,96,114,115,102,96,83
1429,107,95,92,90,93,88,98,101,81,103,97,115,86,104
1430,52,61,55,61,34,66,67,31,45,65,48,63,38,68
1431,84,73,64,74,70,98,93,75,102,80,77,67,91,66
1432,114,89,101,86,95,116,112,84,112,100,118,96,94,98
1433,72,73,48,68,48,64,56,46,82,62,71,79,51,69
1434,60,49,44,31,59,26,35,41,34,56,41,50,55,51
1435,119,95,96,94,101,85,97,90,99,102,83,88,95,106
1436,80,78,109,90,109,84,102,96,82,111,74,100,84,92
1437,46,65,49,40,32,54,46,68,46,32,63,36,49,68
1438,127,110,104,120,99,112,93,105,98,99,125,100,89,107
1439,45,64,54,65,39,43,43,35,53,40,61,36,64,30
1440,80,82,109,86,74,101,110,109,103,80,89,81,100,99
1441,99,60,73,74,87,61,69,93,98,98,97,74,67,84
1442,83,67,61,49,53,54,70,48,67,79,64,56,55,47
1443,44,49,31,64,55,54,67,59,30,59,55,31,47,34
1444,55,48,78,76,78,74,40,40,53,60,78,42,46,43
1445,99,70,77,72,74,95,68,87,72,95,79,73,69,69
1446,81,63,71,86,57,79,63,75,84,60,56,59,74,54
1447,51,34,64,51,31,63,53,40,44,55,49,30,48,62
1448,78,66,56,51,71,75,72,57,46,60,71,43,80,65
1449,94,124,119,112,116,114,111,109,111,87,119,87,103,104
1450,115,94,97,111,104,119,90,125,108,111,95,113,115,91
1451,46,28,32,67,59,51,44,47,46,29,53,35,30,49
1452,107,94,96,97,111,116,96,111,126,98,112,112,91,95
1453,119,108,117,121,108,91,117,89,89,117,98,122,100,85
1454,54,38,52,49,54,26,41,43,46,46,62,65,51,33
1455,54,58,26,28,29,65,29,36,55,49,26,52,61,45
1456,61,64,74,84,74,58,63,50,68,79,54,74,75,50
1457,66,46,74,39,68,72,52,72,38,63,38,72,47,48
1458,114,112,112,98,103,115,80,99,95,114,89,78,82,109
1459,57,84,96,80,93,57,57,91,78,64,61,90,65,78
1460,110,113,134,116,117,126,100,116,103,99,113,111,103,131
1461,107,113,105,96,108,97,107,89,82,99,95,97,99,105
1462,78,65,73,64,47,69,55,43,68,48,48,75,57,78
1463,44,74,50,58,70,40,56,53,67,44,61,48,56,48
1464,41,55,48,63,46,48,39,29,51,53,55,55,49,60
1465,97,96,83,71,109,89,78,85,99,96,96,90,94,89
1466,92,82,81,83,84,79,71,81,67,77,103,87,80,90
1467,97,118,93,103,114,81,113,110,107,110,105,92,85,111
1468,85,52,48,77,56,56,61,47,66,46,79,80,86,57
1469,98,121,105,88,87,99,120,101,90,113,110,104,98,109
1470,35,38,67,38,64,67,39,72,45,57,61,50,36,33
1471,119,100,122,96,94,88,124,122,89,109,88,111,89,98
1472,57,49,39,41,46,67,60,69,64,55,45,65,67,44
1473,32,49,40,61,43,61,54,40,21,31,22,51,34,35
1474,92,96,77,106,97,101,89,100,106,94,86,85,104,98
1475,119,87,96,81,121,95,83,97,86,96,85,114,84,82
1476,26,31,46,25,60,43,46,52,59,56,53,24,30,31
1477,86,114,78,108,88,85,102,88,114,106,109,78,89,79
1478,73,54,72,47,45,60,61,81,81,63,55,60,71,75
1479,96,110,96,90,100,106,93,83,96,95,109,95,118,109
1480,82,112,85,82,100,104,101,98,85,88,95,86,78,82
1481,84,84,87,101,106,111,71,85,104,102,90,98,81,85
1482,68,63,93,101,80,99,91,66,82,72,86,102,92,74
1483,99,93,108,97,88,83,109,89,96,117,119,80,92,111
1484,89,82,68,85,77,86,100,83,99,100,87,82,74,69
1485,85,97,90,125,117,88,105,92,94,92,123,87,107,125
1486,59,57,53,33,47,56,26,23,32,26,43,46,49,49
1487,33,44,38,57,45,25,24,26,26,52,38,35,25,29
1488,78,67,58,59,88,60,87,86,83,88,73,77,66,64
1489,96,85,98,94,94,92,90,95,95,79,111,77,90,88
1490,80,95,78,89,72,95,94,76,79,86,88,73,84,75
1491,88,56,62,62,58,58,61,68,66,73,58,60,79,71
1492,44,38,48,43,51,58,28,41,30,37,33,40,63,60
1493,105,88,106,98,68,91,84,99,95,91,99,98,107,83
1494,68,49,59,78,50,75,62,82,59,51,81,63,77,80
1495,51,36,58,41,28,40,25,39,33,34,45,39,39,39
1496,71,72,99,72,80,82,68,104,94,83,84,82,76,70
1497,77,78,45,59,85,57,60,50,77,59,67,76,74,84
1498,102,108,90,99,88,106,96,72,86,69,70,69,90,86
1499,75,41,65,78,60,45,68,64,64,53,41,51,58,68
1500,60,70,79,74,46,43,43,67,77,80,71,63,60,42
1501,57,47,46,52,51,46,83,67,76,54,81,67,69,85
1502,54,51,63,37,39,29,47,51,57,39,55,35,25,54
1503,39,33,40,32,24,26,56,42,55,39,30,32,56,55
1504,62,52,37,53,40,42,53,60,28,53,56,55,63,29
1505,70,95,86,78,64,67,57,71,58,89,61,85,96,85
1506,87,73,88,85,82,74,99,89,84,110,113,100,94,98
1507,41,45,41,35,65,57,47,42,36,34,66,36,61,50
1508,100,106,90,92,83,73,102,106,108,75,71,99,98,85
1509,125,91,96,104,93,117,93,91,116,103,116,114,115,108
1510,118,92,109,113,101,91,119,91,85,103,94,97,86,113
1511,60,61,40,39,46,69,38,50,45,44,49,67,47,41
1512,112,96,110,104,109,117,116,115,109,100,122,89,107,119
1513,122,98,113,120,100,100,84,109,84,84,108,120,100,122
1514,46,37,32,31,33,52,29,50,62,53,27,46,62,55
1515,71,72,80,69,103,103,103,91,87,80,86,92,81,101
1516,78,90,77,62,74,51,77,68,74,62,83,67,52,82
1517,103,121,96,93,119,94,101,125,93,114,96,125,94,120
1518,100,110,104,101,93,76,84,96,105,73,104,74,106,74
1519,92,97,87,86,86,93,110,104,85,89,90,99,113,99
1520,76,61,75,85,71,77,59,83,63,86,66,54,63,69
1521,51,37,33,47,62,62,52,60,48,51,38,58,54,38
1522,91,86,92,82,74,69,103,70,79,93,65,91,73,71
1523,50,31,59,54,36,48,34,36,29,33,42,64,38,59
1524,118,111,102,111,113,110,103,98,103,102,91,105,93,101
1525,61,53,69,59,43,63,41,68,59,57,66,69,59,45
1526,35,38,25,38,47,45,46,36,48,49,51,28,37,51
1527,101,103,117,91,121,112,101,94,122,104,118,116,115,98
1528,59,75,57,69,91,61,63,51,69,66,89,68,52,59
1529,48,19,34,24,30,27,16,21,23,16,56,49,40,44
1530,120,85,86,92,93,89,113,90,100,106,88,95,120,119
1531,61,56,45,71,48,38,54,77,55,65,62,40,65,63
1532,92,89,70,91,77,72,74,82,68,88,91,90,87,73
1533,102,109,110,118,105,123,115,122,120,118,116,123,90,117
1534,80,77,64,76,75,43,51,63,51,79,77,48,71,49
1535,91,72,102,104,90,71,108,109,93,95,91,71,106,100
1536,50,58,80,60,82,67,52,65,63,55,86,71,76,65
1537,128,96,119,92,104,122,130,100,96,91,118,96,110,96
1538,108,105,91,86,84,74,87,81,107,98,82,101,91,109
1539,119,127,101,101,104,119,113,105,115,105,107,106,109,116
1540,109,114,122,90,103,123,102,123,100,106,111,107,103,121
1541,126,124,101,114,112,107,116,112,104,102,121,118,95,86
1542,104,77,113,94,88,97,104,113,106,92,89,83,85,109
1543,81,58,58,90,54,53,59,79,51,54,75,67,90,74
1544,98,103,92,89,70,100,85,99,99,82,95,91,67,67
1545,62,66,90,82,68,87,84,93,94,64,100,89,73,82
1546,74,70,63,54,50,67,76,43,75,71,44,83,51,64
1547,70,96,95,89,77,73,97,79,97,96,79,73,95,100
1548,18,30,36,24,53,57,29,48,56,18,26,20,43,47
1549,55,76,41,53,65,67,41,72,68,63,39,38,61,51
1550,58,52,52,45,38,62,54,63,61,53,60,43,33,71
1551,105,90,99,112,108,87,111,99,81,114,108,119,116,104
1552,111,107,104,105,82,103,118,111,85,109,104,113,116,110
1553,91,114,110,122,85,106,85,117,112,94,116,98,86,107
1554,40,19,22,38,45,34,31,25,39,24,46,47,57,28
1555,115,93,114,113,100,112,107,79,110,116,83,97,95,90
1556,42,55,51,32,50,40,29,22,24,31,56,35,33,54
1557,82,99,99,83,118,91,111,80,104,98,111,112,83,110
1558,35,47,49,58,48,37,71,72,60,48,40,45,38,51
1559,98,124,99,111,88,110,92,121,97,114,92,127,104,88
1560,93,90,119,91,102,90,122,106,94,120,102,95,94,94
1561,70,62,62,46,62,39,56,49,73,62,75,47,64,42
1562,68,35,50,70,44,69,40,51,44,60,52,49,51,44
1563,71,82,84,80,86,63,63,87,52,50,53,69,53,82
1564,101,118,104,112,106,99,112,85,85,114,82,101,120,88
1565,67,41,73,75,49,62,62,70,63,45,39,44,45,76
1566,57,65,51,54,60,53,47,61,61,30,56,70,43,60
1567,47,82,64,70,81,54,44,72,45,54,47,47,61,45
1568,97,110,93,93,94,109,117,122,113,86,96,115,92,103
1569,36,34,51,36,49,49,38,58,64,27,53,29,29,26
1570,69,78,84,46,69,67,77,69,77,65,81,69,72,47
1571,47,25,41,22,40,29,48,20,42,31,42,40,45,22
1572,90,100,63,98,79,94,66,61,68,70,88,101,62,101
1573,65,78,59,78,91,76,66,72,69,70,90,58,51,56
1574,90,109,113,118,108,94,109,108,97,108,125,104,108,98
1575,98,73,71,81,69,104,104,87,72,83,83,84,95,80
1576,89,84,102,77,115,115,91,91,116,77,85,90,86,90
1577,100,105,80,85,94,104,100,86,89,106,107,103,85,78
1578,36,61,27,63,47,32,57,56,26,26,26,51,62,32
1579,80,80,77,55,67,53,67,72,66,82,75,86,71,65
1580,74,90,74,94,85,74,103,84,110,84,105,98,94,87
1581,81,90,89,110,80,100,97,101,113,82,81,101,110,92
1582,79,108,109,80,110,113,82,101,92,87,114,119,110,110
1583,107,118,110,104,98,107,108,106,106,85,102,112,81,106
1584,53,64,59,72,48,83,47,69,57,44,56,77,53,69
1585,50,53,41,35,51,42,36,39,49,67,63,53,36,72
1586,110,117,107,101,117,94,98,89,117,98,92,110,106,118
1587,70,77,72,54,62,83,71,51,74,68,85,58,61,65
1588,109,85,76,87,82,86,80,98,94,86,88,98,88,93
1589,33,45,61,47,59,55,33,65,34,64,64,45,60,61
1590,103,112,106,90,87,93,85,104,91,114,82,81,80,107
1591,49,43,24,48,30,60,52,37,37,27,24,58,51,59
1592,112,112,104,113,104,126,96,125,102,98,115,115,112,98
1593,92,108,95,81,93,106,105,91,108,112,96,83,108,104
1594,97,97,95,92,92,87,104,72,88,103,83,68,94,72
1595,81,62,78,80,65,68,68,74,78,57,55,67,66,50
1596,60,47,50,54,55,57,50,31,34,49,54,20,44,52
1597,22,37,45,38,36,38,47,38,27,43,26,60,24,36
1598,63,51,56,59,63,75,64,75,51,57,59,61,82,74
1599,63,49,76,44,67,78,57,54,69,46,73,53,42,76
1600,54,62,55,48,70,52,42,81,66,79,45,80,47,82
1601,103,108,113,81,82,105,90,85,109,95,84,94,120,104
1602,108,96,120,82,109,103,106,88,96,112,112,112,109,94
1603,43,69,36,57,44,35,73,62,35,61,74,55,57,36
1604,111,119,130,123,116,109,98,101,101,99,95,111,111,122
1605,86,76,99,83,95,69,96,73,99,82,103,68,101,96
1606,57,66,74,70,42,78,59,44,61,60,72,67,69,57
1607,64,91,85,68,87,87,98,67,93,86,72,95,101,79
1608,32,23,53,54,29,49,37,28,38,63,40,27,26,27
1609,88,92,111,91,85,101,103,85,108,101,96,83,84,97
1610,34,62,39,40,64,28,59,59,34,39,57,38,46,36
1611,72,72,101,75,78,81,94,81,100,80,78,97,82,79
1612,55,56,37,31,57,49,29,44,55,61,47,33,25,59
1613,68,76,48,44,81,58,61,72,83,79,69,59,84,59
1614,80,75,56,69,86,53,47,61,52,82,86,72,66,68
1615,85,74,79,67,71,83,73,65,75,56,77,83,50,47
1616,91,92,92,95,89,103,71,102,93,109,81,81,90,78
1617,48,77,72,46,82,78,84,53,55,49,72,86,85,48
1618,83,103,112,113,112,88,103,96,116,117,90,109,117,99
1619,65,49,64,49,50,39,35,34,27,33,66,45,63,46
1620,43,63,62,56,29,46,60,53,65,29,39,29,35,46
1621,35,24,61,45,22,38,58,41,57,27,23,26,30,41
1622,87,64,62,82,60,60,83,53,65,75,53,76,61,52
1623,85,93,107,119,109,96,115,104,92,118,84,98,82,84
1624,124,111,92,105,111,123,119,116,86,86,87,106,119,85
1625,50,64,70,71,47,41,53,62,69,78,53,63,54,71
1626,30,56,29,41,44,40,59,47,32,51,56,48,46,59
1627,91,95,102,104,94,109,85,107,112,99,94,116,96,118
1628,118,115,122,90,92,88,103,117,95,96,85,104,92,91
1629,104,96,76,90,111,89,100,83,114,88,79,78,82,92
1630,60,41,32,43,65,66,36,29,48,62,55,64,66,55
1631,63,27,62,63,29,61,50,53,61,33,41,49,56,57
1632,40,46,29,29,46,33,54,38,34,27,63,36,38,49
1633,64,49,44,55,47,29,33,49,35,38,26,60,54,33
1634,66,66,90,91,78,91,89,91,71,95,63,96,58,95
1635,124,123,95,103,115,115,86,94,105,95,122,106,106,114
1636,55,51,64,38,51,48,56,51,31,37,53,46,37,56
1637,29,49,36,51,35,32,66,38,69,31,51,40,54,60
1638,51,63,74,64,46,51,53,49,35,42,67,50,69,69
1639,110,103,119,124,118,114,105,115,129,116,107,102,124,136
1640,51,67,39,57,62,40,42,74,63,37,44,50,50,57
1641,66,68,68,51,75,64,68,53,58,45,61,68,73,67
1642,50,43,49,60,58,51,39,34,47,30,47,35,52,30
1643,73,87,82,107,96,92,97,109,76,94,105,112,105,103
1644,95,114,106,110,95,119,86,81,113,91,88,85,84,117
1645,42,39,25,51,23,59,36,45,32,53,46,37,43,36
1646,113,121,96,97,118,116,111,100,100,129,126,108,105,115
1647,93,89,121,101,86,121,96,121,110,119,103,92,92,94
1648,59,68,81,74,48,55,58,76,53,78,55,66,69,49
1649,98,122,86,104,115,122,89,107,96,84,111,119,93,110
1650,33,39,48,43,45,42,37,51,60,61,51,27,62,60
1651,82,85,90,81,109,76,76,115,85,76,88,112,82,92
1652,36,55,38,63,39,49,56,50,35,54,70,66,58,45
1653,78,64,84,68,89,60,89,55,55,74,81,84,86,55
1654,49,87,88,79,86,68,81,77,58,61,70,67,55,64
1655,67,67,57,67,62,45,42,40,57,77,54,60,53,66
1656,60,36,62,61,55,43,69,72,38,67,56,38,64,39
1657,67,61,58,51,52,55,33,63,48,45,50,62,53,48
1658,107,77,83,83,115,109,87,83,104,97,88,112,97,100
1659,79,81,85,60,81,82,83,88,95,56,69,56,79,96
1660,93,104,125,119,116,120,93,126,104,112,89,125,92,99
1661,65,49,76,55,64,63,63,77,79,60,65,82,60,66
1662,102,107,80,95,91,112,114,117,118,117,91,80,116,113
1663,91,106,69,68,96,82,104,96,97,82,97,104,91,88
1664,97,127,106,131,128,93,114,124,126,92,124,114,99,120
1665,35,27,29,30,38,23,46,30,56,39,59,30,29,42
1666,69,68,85,78,73,88,75,84,106,87,79,100,95,99
1667,86,79,99,92,110,110,84,77,101,93,93,115,83,100
1668,44,68,35,48,43,33,47,49,28,32,56,56,57,59
1669,53,46,77,70,63,53,50,64,70,78,50,82,48,73
1670,118,125,111,124,125,117,117,112,125,105,133,131,108,118
1671,52,35,38,66,46,64,37,60,56,54,55,72,47,39
1672,125,106,92,97,114,127,93,101,111,111,120,113,125,116
1673,74,95,94,98,86,80,87,106,77,76,88,75,108,97
1674,52,47,27,25,55,55,32,37,27,33,36,48,44,36
1675,62,62,73,69,74,70,49,62,45,57,63,74,43,73
1676,60,52,72,73,65,56,78,78,59,60,80,51,52,85
1677,114,118,129,98,94,125,110,120,98,103,113,118,121,119
1678,79,74,67,68,85,73,54,53,59,61,71,57,83,66
1679,50,31,59,33,43,62,52,64,43,53,33,31,47,37
1680,45,37,63,67,39,30,50,67,52,63,51,39,41,42
1681,34,25,52,36,23,21,51,58,50,55,30,50,27,25
1682,113,105,115,85,115,114,103,89,105,83,114,90,106,112
1683,82,94,98,85,70,101,101,84,80,102,104,78,94,97
1684,68,84,67,75,59,80,68,83,95,67,72,83,81,62
1685,61,38,25,43,29,23,41,37,61,58,36,55,48,22
1686,58,71,73,48,43,63,60,62,78,81,74,72,54,52
1687,93,104,94,89,76,101,87,94,93,71,100,91,96,78
1688,57,54,31,49,25,44,34,35,29,63,50,48,29,65
1689,115,90,114,95,114,94,114,109,120,120,124,86,95,102
1690,87,79,104,88,110,90,107,92,89,84,112,87,86,89
1691,40,32,27,61,64,49,55,44,37,50,62,37,47,38
1692,71,76,72,81,94,70,98,89,96,77,109,101,104,95
1693,35,63,45,65,67,45,53,35,43,32,67,42,58,65
1694,60,33,54,61,44,60,61,57,34,37,60,49,36,62
1695,55,63,66,68,67,85,71,81,51,59,87,88,59,55
1696,79,72,54,78,54,63,83,73,58,63,72,52,82,68
1697,64,46,33,62,68,31,41,35,34,59,38,65,35,69
1698,24,36,49,44,52,51,30,53,40,38,24,31,30,31
1699,79,105,103,93,80,116,117,95,108,98,84,94,80,108
1700,39,46,53,27,62,29,26,30,35,25,55,51,23,28
1701,51,56,68,60,42,50,46,43,55,40,46,45,50,45
1702,87,76,73,81,65,67,54,57,72,61,64,67,57,73
1703,48,53,72,49,75,81,69,63,83,71,73,62,76,73
1704,53,33,52,43,66,46,70,40,52,45,37,37,33,33
1705,30,25,55,52,26,36,59,63,46,55,30,47,52,57
1706,32,46,30,45,45,34,39,51,28,47,59,25,42,51
1707,31,32,24,20,35,49,39,55,31,41,48,51,35,31
1708,80,78,47,42,76,78,79,56,78,74,57,60,53,53
1709,85,68,64,76,81,89,75,76,62,53,54,74,86,52
1710,105,70,94,96,96,73,87,101,106,78,70,96,107,106
1711,62,71,63,47,70,49,51,77,84,63,60,80,84,71
1712,96,99,97,97,76,92,106,112,76,86,78,101,106,108
1713,44,50,54,60,45,63,51,56,39,46,63,31,62,57
1714,53,37,48,66,45,67,32,59,45,41,38,50,62,68
1715,86,77,105,110,79,80,107,85,87,93,97,113,101,76
1716,61,46,68,57,53,34,38,43,30,56,68,46,34,43
1717,85,96,104,100,99,71,104,97,82,105,101,73,74,74
1718,97,65,88,85,77,69,83,64,91,97,63,59,83,85
1719,54,58,24,61,38,44,59,54,39,30,51,42,45,51
1720,61,59,87,65,60,61,82,77,59,93,55,73,58,71
1721,38,40,43,39,40,47,26,36,49,48,25,61,43,38
1722,71,85,79,56,81,82,76,54,48,65,65,62,85,53
1723,100,84,104,113,112,100,93,114,102,77,112,88,98,111
1724,56,64,36,28,47,26,38,45,27,26,26,24,56,58
1725,24,24,47,33,26,55,26,25,23,39,32,36,29,32
1726,78,79,72,99,104,88,77,82,101,109,97,77,106,81
1727,45,66,79,63,39,55,42,56,43,78,42,67,74,58
1728,64,51,72,53,52,71,86,83,73,63,65,75,67,85
1729,64,45,63,38,38,47,42,43,62,57,71,56,42,54
1730,122,98,105,115,133,98,113,100,129,101,123,98,120,135
1731,61,60,44,63,29,59,52,45,51,54,56,34,36,43
1732,34,45,46,50,38,41,69,33,64,68,46,33,36,57
1733,58,44,37,65,27,25,45,46,65,32,38,45,38,28
1734,68,81,85,68,64,58,72,63,51,64,71,84,69,79
1735,119,104,94,122,92,90,102,106,105,98,109,97,90,113
1736,104,116,118,105,87,91,116,112,92,115,113,105,111,89
1737,63,64,38,71,46,44,47,74,67,61,56,65,46,76
1738,62,39,30,60,42,29,43,29,44,64,28,41,43,26
1739,72,55,50,63,35,45,70,45,54,73,61,69,74,61
1740,60,64,61,73,88,82,70,62,67,49,79,58,89,78
1741,56,73,84,44,54,62,65,76,62,49,46,61,49,56
1742,38,41,69,67,35,71,70,62,35,41,48,69,66,38
1743,75,98,72,78,102,70,93,94,81,73,103,97,73,68
1744,121,95,119,97,121,97,113,91,105,94,103,100,114,119
1745,107,90,103,82,118,109,115,115,97,117,95,95,82,95
1746,87,79,77,73,53,88,90,56,57,80,66,57,86,53
1747,81,44,68,45,46,44,49,68,79,44,68,77,65,57
1748,121,88,127,108,98,103,97,93,123,122,105,98,95,114
1749,50,56,35,54,45,49,42,36,57,67,57,67,46,62
1750,110,111,114,87,92,84,88,99,111,112,102,85,105,113
1751,72,96,78,73,90,70,99,102,104,85,85,100,74,89
1752,107,77,94,98,97,83,73,75,88,77,85,79,106,89
1753,54,32,39,19,40,36,42,43,18,35,41,35,48,57
1754,41,75,70,40,45,76,55,58,42,48,67,56,59,56
1755,29,45,49,53,52,33,67,52,61,52,63,33,33,47
1756,121,113,116,124,93,116,100,106,122,94,101,97,124,113
1757,69,63,61,75,65,78,53,69,89,58,65,78,56,67
1758,108,89,95,117,87,111,121,118,124,115,114,119,109,101
1759,29,26,31,64,63,41,48,65,34,30,32,50,26,31
1760,85,89,99,106,108,109,100,90,117,85,102,101,80,80
1761,115,103,114,96,109,106,100,94,95,125,123,130,115,131
1762,40,40,43,50,38,41,59,52,47,57,38,61,52,57
1763,89,91,86,106,101,114,114,83,117,98,81,104,111,115
1764,26,22,55,61,52,53,47,60,57,34,24,24,25,50
1765,51,55,47,50,58,51,42,34,42,45,68,62,51,43
1766,74,68,59,55,78,80,50,63,76,55,48,78,48,71
1767,79,107,80,83,89,108,100,107,84,77,99,96,91,105
1768,44,25,45,18,26,23,35,44,46,54,56,51,35,45
1769,32,46,49,48,39,45,58,64,42,40,51,41,25,57
1770,86,86,96,92,89,95,68,78,74,92,69,69,72,99
1771,48,56,46,48,57,23,26,42,52,26,54,35,42,56
1772,46,44,64,60,76,61,66,72,81,49,46,54,60,72
1773,83,70,104,84,84,89,108,100,73,91,70,89,95,108
1774,63,41,51,37,62,30,58,58,55,28,29,41,62,41
1775,96,110,116,125,117,117,92,122,122,124,105,92,100,122
1776,80,107,94,105,106,109,78,100,85,106,78,88,88,100
1777,46,51,59,42,71,74,61,61,37,46,70,44,46,45
1778,77,51,66,72,79,76,62,83,45,75,48,69,79,57
1779,113,79,89,115,80,97,111,76,85,106,81,105,111,93
1780,93,71,93,73,74,70,74,69,77,79,68,76,83,102
1781,103,90,96,90,89,89,68,80,80,102,77,99,84,68
1782,84,65,63,64,57,81,86,87,69,64,55,51,78,76
1783,82,81,91,108,96,72,103,71,108,104,86,105,86,84
1784,88,75,79,99,76,107,94,102,113,102,77,103,88,105
1785,33,33,43,19,32,56,46,53,40,54,59,33,40,44
1786,29,44,19,36,48,37,18,37,40,52,42,40,49,25
1787,57,41,46,53,51,43,48,43,59,61,32,35,50,43
1788,58,30,50,45,47,34,40,54,29,47,59,52,36,39
1789,39,32,65,40,35,66,50,42,65,62,44,43,37,44
1790,104,80,99,85,106,105,99,106,99,100,113,84,115,91
1791,89,113,115,115,81,105,116,104,100,91,118,105,92,81
1792,126,122,103,99,112,115,125,99,115,98,100,114,123,115
1793,42,75,75,41,60,66,45,65,56,78,51,53,69,68
1794,90,95,107,89,101,90,92,81,104,96,82,111,95,111
1795,52,38,67,33,39,59,53,40,70,59,36,70,37,50
1796,59,41,36,65,35,53,58,73,70,49,40,36,37,58
1797,79,71,71,76,69,76,75,77,71,50,59,61,51,67
1798,46,64,32,41,70,66,64,62,57,47,33,65,62,35
1799,57,63,25,61,33,57,41,46,28,35,54,53,42,34
1800,105,117,100,93,118,109,111,92,100,95,97,92,98,92
1801,112,96,116,97,110,99,99,116,120,94,125,102,123,115
1802,97,83,97,77,88,110,80,109,83,100,87,111,94,112
1803,59,48,65,31,47,51,46,59,65,67,40,61,32,39
1804,120,89,106,111,112,119,94,88,109,99,91,93,125,101
1805,106,101,107,84,117,106,103,82,84,95,88,91,112,81
1806,59,60,28,62,30,42,27,32,47,46,37,40,37,30
1807,94,94,126,128,124,91,118,110,119,109,93,101,90,101
1808,57,28,39,47,25,53,48,41,57,45,33,20,48,29
1809,93,97,119,114,101,114,94,92,103,99,102,102,86,120
1810,36,59,60,35,47,43,39,44,42,44,67,48,36,63
1811,65,63,28,36,51,40,44,45,51,50,37,59,36,34
1812,117,89,90,115,119,118,93,83,109,105,105,103,112,106
1813,31,53,43,28,31,60,54,49,21,49,22,48,59,34
1814,36,70,35,70,61,32,59,41,38,53,56,37,63,42
1815,86,50,65,62,63,57,87,75,74,52,50,72,59,48
1816,74,72,63,49,86,62,84,78,46,84,64,70,48,56
1817,91,106,113,87,104,87,99,104,92,90,103,80,112,82
1818,50,27,47,30,43,50,45,45,29,62,35,60,61,52
1819,78,68,82,62,63,70,78,97,86,84,83,93,93,69
1820,97,95,89,119,121,107,119,104,82,121,103,121,95,115
1821,90,107,78,81,105,81,94,70,83,99,95,86,91,100
1822,61,33,41,45,59,39,51,40,36,71,35,44,66,45
1823,104,109,113,100,118,111,125,102,120,126,112,118,126,97
1824,125,113,92,106,126,103,101,128,116,109,125,99,122,116
1825,49,31,46,52,49,60,52,67,59,28,54,42,66,55
1826,104,92,103,105,92,108,99,107,89,104,87,93,90,106
1827,46,47,80,45,53,70,52,46,76,74,66,79,69,49
1828,45,51,27,49,51,60,32,34,40,52,41,63,41,48
1829,97,88,87,119,117,98,96,84,86,94,88,112,98,107
1830,93,96,119,108,92,119,95,93,103,112,112,102,99,90
1831,58,56,43,46,49,41,57,30,56,53,20,28,38,50
1832,49,60,48,82,60,69,68,68,54,42,65,69,81,75
1833,78,59,70,67,55,47,76,81,70,70,73,44,49,79
1834,77,66,89,80,67,65,80,73,69,66,76,66,84,72
1835,73,71,57,58,52,57,70,62,66,73,82,48,52,48
1836,76,82,70,70,79,71,105,76,78,66,68,95,79,89
1837,90,111,129,112,126,106,95,100,121,89,107,106,127,98
1838,58,82,63,56,75,73,71,77,46,43,80,73,74,52
1839,108,88,102,96,80,94,110,91,94,87,92,80,110,107
1840,126,105,110,125,126,127,94,101,93,92,122,103,104,96
1841,107,75,85,97,90,76,99,100,97,110,76,95,81,92
1842,44,44,45,37,65,54,54,65,54,32,49,59,68,60
1843,75,72,52,45,80,64,71,56,84,80,61,84,82,57
1844,83,102,109,89,108,110,99,99,97,86,111,86,117,111
1845,44,46,56,39,44,68,34,45,61,35,40,33,42,58
1846,109,103,94,83,77,110,100,88,84,96,77,94,102,93
1847,80,43,63,53,52,73,70,69,64,47,49,58,55,60
1848,82,101,84,93,93,86,81,100,87,106,75,83,112,99
1849,55,72,69,78,43,78,47,49,82,57,54,82,51,44
1850,55,86,60,75,52,49,53,52,70,66,87,48,65,76
1851,38,34,69,38,52,58,47,65,48,51,52,71,33,58
1852,67,83,71,91,78,80,83,65,93,73,94,102,97,64
1853,109,83,100,104,82,110,88,106,93,110,83,103,79,74
1854,36,40,39,51,59,63,56,38,51,61,37,38,69,59
1855,46,39,36,54,57,56,48,50,22,25,49,54,58,48
1856,67,62,40,53,39,61,63,69,60,44,63,70,33,47
1857,37,32,48,39,33,47,39,54,34,60,31,46,44,54
1858,45,62,63,45,57,64,57,49,58,61,35,41,58,34
1859,97,109,95,95,105,113,88,99,85,93,113,110,101,123
1860,97,74,80,91,113,97,83,77,94,74,78,102,85,87
1861,98,88,104,111,78,113,108,103,93,112,114,96,95,113
1862,85,64,82,68,94,74,82,82,89,85,73,71,66,91
1863,40,40,48,40,47,41,56,60,42,49,47,46,57,43
1864,70,71,78,86,77,56,87,61,62,76,76,70,81,74
1865,71,60,52,77,45,61,82,78,51,65,59,70,84,70
1866,39,47,24,25,45,28,25,45,48,20,50,57,42,49
1867,58,74,68,74,77,56,41,53,59,59,53,60,48,62
1868,93,115,100,115,82,93,85,102,100,98,82,119,119,119
1869,92,99,90,75,79,99,83,109,111,99,80,97,95,81
1870,71,75,101,69,99,90,92,69,89,71,75,93,68,86
1871,108,105,88,122,128,93,103,97,110,118,98,96,110,109
1872,76,74,111,110,105,112,108,96,83,83,97,91,85,113
1873,23,38,34,41,51,20,44,60,50,47,23,53,32,59
1874,93,93,124,119,107,125,122,97,100,97,104,116,113,114
1875,67,61,71,59,65,67,79,82,73,61,83,75,79,63
1876,88,108,113,83,96,85,93,102,112,118,101,117,93,80
1877,107,111,91,105,108,86,122,83,90,108,112,97,114,120
1878,29,39,31,33,60,59,29,39,57,30,59,43,41,26
1879,54,60,58,65,73,52,74,83,52,77,60,56,63,65
1880,38,40,67,69,42,48,47,56,71,38,56,43,74,54
1881,38,24,42,54,60,31,42,28,46,37,57,30,55,50
1882,105,97,127,101,119,92,92,99,125,99,99,120,126,117
1883,113,105,124,124,127,94,92,93,115,119,127,92,108,113
1884,117,91,125,110,98,104,126,88,96,102,124,126,117,105
1885,90,114,111,107,83,106,96,86,106,90,96,100,110,78
1886,76,79,102,103,101,101,69,103,91,78,74,95,83,93
1887,99,75,86,99,77,104,78,108,104,86,93,88,105,86
1888,58,29,28,43,20,39,53,40,54,33,56,23,57,46
1889,69,33,50,39,40,41,35,36,36,44,47,30,35,52
1890,77,69,60,69,92,75,74,64,78,80,72,65,87,61
1891,60,42,55,81,69,65,54,78,68,80,59,49,76,46
1892,101,106,89,109,104,90,87,92,110,108,74,85,104,87
1893,75,74,51,80,81,54,66,64,64,71,84,70,64,76
1894,60,59,36,61,55,61,51,27,27,38,30,56,57,30
1895,58,62,40,32,51,56,33,41,32,61,46,56,42,43
1896,53,43,44,42,52,66,48,38,55,42,34,63,51,67
1897,54,27,50,48,60,50,57,26,31,57,58,64,56,41
1898,98,88,104,102,121,89,85,119,122,94,125,119,117,105
1899,51,56,28,30,61,51,47,34,66,66,45,63,34,51
1900,40,57,61,34,41,49,29,34,33,40,37,56,60,59
1901,69,58,65,63,80,56,66,71,91,78,67,91,73,62
1902,43,42,73,41,51,66,39,61,70,64,66,68,36,38
1903,99,110,105,127,122,126,93,125,93,112,105,105,97,113
1904,30,48,29,29,43,40,27,38,44,23,32,43,57,38
1905,53,36,48,41,56,62,67,38,45,57,58,36,66,45
1906,104,82,92,104,98,97,88,85,77,111,94,83,107,88
1907,27,52,30,42,29,25,57,37,37,50,35,65,38,59
1908,80,93,56,71,64,63,91,71,70,64,71,88,85,55
1909,35,52,61,25,38,29,26,60,29,49,37,30,38,37
1910,63,67,68,58,58,93,63,84,88,70,93,82,82,59
1911,118,102,103,135,127,110,109,113,126,111,111,106,123,107
1912,83,91,120,85,93,87,115,93,84,88,106,101,93,114
1913,99,109,91,98,117,100,96,84,90,87,103,94,101,92
1914,46,50,67,39,44,71,31,58,36,35,71,67,32,37
1915,41,42,33,52,51,34,41,43,62,63,54,34,64,57
1916,68,59,64,48,86,58,55,72,71,58,47,55,66,53
1917,88,72,88,51,70,70,65,66,50,82,57,75,74,78
1918,52,52,33,42,61,36,55,59,37,54,49,54,62,58
1919,121,116,107,102,109,110,120,106,90,125,116,120,128,113
1920,20,52,29,45,31,56,50,56,49,45,21,41,36,34
1921,73,73,92,93,99,98,66,98,99,76,77,99,78,96
1922,102,88,94,85,108,94,95,97,110,85,105,78,90,76
1923,89,92,100,66,93,64,92,79,69,94,82,98,81,83
1924,100,123,114,109,99,87,116,123,86,105,98,99,90,96
1925,86,86,103,79,73,78,75,77,85,87,70,77,97,102
1926,66,70,87,50,90,77,65,85,63,72,89,71,80,55
1927,33,44,51,21,22,49,43,44,34,48,34,32,38,52
1928,98,122,111,120,125,104,114,123,95,120,111,125,118,89
1929,34,59,61,37,38,22,37,58,45,61,38,28,46,58
1930,114,113,111,88,109,106,110,85,83,89,90,115,106,117
1931,64,44,60,39,47,33,38,65,41,61,38,30,54,43
1932,74,63,70,46,65,76,43,70,50,39,49,63,75,64
1933,90,98,112,95,123,100,121,95,116,91,108,119,113,126
1934,89,107,117,125,124,127,113,102,126,125,118,93,97,124
1935,23,60,59,58,36,57,26,23,25,59,55,43,48,23
1936,89,99,121,104,111,88,125,107,103,103,113,87,116,91
1937,76,44,76,61,62,60,44,67,76,83,72,67,53,81
1938,109,131,118,96,114,115,98,130,129,103,112,103,111,105
1939,70,72,73,75,103,87,102,98,83,82,79,76,82,82
1940,113,98,107,108,104,82,110,99,89,85,108,89,98,115
1941,104,83,102,114,116,108,121,91,105,114,83,94,115,92
1942,93,120,102,106,112,117,112,108,125,95,106,121,106,93
1943,67,46,42,33,38,67,37,65,46,65,33,30,28,32
1944,102,90,88,103,90,89,69,81,97,97,76,94,75,98
1945,83,99,96,92,91,104,98,94,107,89,80,104,114,101
1946,66,81,56,71,53,68,62,88,71,59,71,84,59,57
1947,58,72,58,61,50,67,52,79,76,83,85,88,61,78
1948,49,62,45,59,68,61,51,42,78,58,52,46,50,59
1949,63,39,69,44,55,40,71,59,52,35,43,67,72,37
1950,91,95,100,101,91,73,106,81,104,71,78,74,110,75
1951,90,90,120,113,103,129,126,99,112,120,105,128,104,100
1952,93,97,125,120,100,125,107,127,98,128,91,106,97,97
1953,71,80,54,83,58,49,74,75,56,53,47,70,67,69
1954,98,76,88,91,96,77,110,87,110,75,108,94,91,77
1955,88,98,119,115,95,88,106,93,110,85,108,119,120,116
1956,69,67,60,87,53,54,72,68,86,72,75,56,68,55
1957,52,70,54,51,63,72,51,58,85,74,83,58,55,61
1958,52,45,61,38,58,55,35,59,43,58,61,65,46,49
1959,66,38,57,60,64,28,61,65,45,53,51,32,43,55
1960,76,116,90,112,82,90,107,78,114,82,96,97,116,76
1961,56,54,37,56,52,61,37,59,48,35,62,42,57,57
1962,50,46,74,52,57,79,62,80,48,54,54,54,47,75
1963,69,83,86,76,74,87,51,87,71,55,81,49,72,78
1964,44,59,61,60,56,62,45,48,69,44,44,40,63,39
1965,46,36,39,58,58,48,59,51,69,59,61,43,57,55
1966,61,49,41,53,53,51,38,55,34,63,42,29,59,38
1967,108,82,105,109,102,81,109,77,74,84,91,81,84,111
1968,49,53,83,77,57,66,67,86,47,83,60,56,60,48
1969,35,54,59,49,48,42,56,60,70,54,71,72,63,45
1970,69,88,79,57,62,68,54,55,62,78,84,69,70,81
1971,30,54,63,63,45,69,43,63,58,59,67,44,47,45
1972,90,96,126,118,115,96,121,116,108,113,90,110,100,123
1973,61,91,83,66,81,87,81,91,87,80,55,76,81,72
1974,73,67,35,34,54,37,35,55,71,48,69,61,34,74
1975,69,49,32,36,55,52,32,52,44,61,49,64,61,71
1976,73,64,37,52,52,53,69,38,44,70,42,52,40,58
1977,39,36,35,38,54,38,60,32,54,56,37,55,57,35
1978,36,59,64,48,40,37,38,59,56,58,33,54,57,37
1979,73,43,72,73,61,60,49,57,44,82,73,80,56,81
1980,87,110,102,109,108,89,87,110,97,86,113,101,92,88
1981,48,47,44,48,52,37,40,57,43,41,45,49,44,51
1982,30,51,46,26,65,51,30,27,39,29,42,61,31,31
1983,45,52,20,24,40,24,57,49,29,54,22,20,53,48
1984,53,70,39,68,61,59,51,43,58,47,53,50,64,66
1985,109,125,121,94,119,94,111,126,125,109,122,124,98,98
1986,93,97,97,85,114,94,119,108,86,104,105,121,96,104
1987,67,40,34,69,63,45,47,66,43,70,39,55,59,52
1988,109,79,82,77,91,85,75,80,95,75,107,88,95,101
1989,119,92,116,106,115,106,93,126,128,118,101,125,110,112
1990,103,90,106,111,97,93,105,97,101,104,102,117,92,104
1991,77,66,93,95,86,80,55,61,83,90,60,59,60,70
1992,93,78,99,88,85,76,99,79,72,84,96,81,89,69
1993,46,57,24,35,39,41,47,28,50,58,24,62,27,39
1994,106,122,116,119,116,109,111,106,103,110,98,101,107,113
1995,69,67,53,75,51,75,47,74,59,74,52,81,81,85
1996,66,60,36,52,33,46,28,38,30,52,43,67,46,60
1997,56,71,67,38,55,70,41,49,61,66,47,63,71,60
1998,65,60,32,36,62,49,38,57,48,59,38,64,33,34
1999,102,78,115,87,88,102,76,112,105,104,84,96,101,77
2000,49,32,43,55,43,48,30,29,68,44,40,49,29,56